/*
SQLyog Ultimate v12.08 (64 bit)
MySQL - 5.7.29 : Database - device-center
*********************************************************************
*/

/*!40101 SET NAMES utf8 */;

/*!40101 SET SQL_MODE=''*/;

/*!40014 SET @OLD_UNIQUE_CHECKS=@@UNIQUE_CHECKS, UNIQUE_CHECKS=0 */;
/*!40014 SET @OLD_FOREIGN_KEY_CHECKS=@@FOREIGN_KEY_CHECKS, FOREIGN_KEY_CHECKS=0 */;
/*!40101 SET @OLD_SQL_MODE=@@SQL_MODE, SQL_MODE='NO_AUTO_VALUE_ON_ZERO' */;
/*!40111 SET @OLD_SQL_NOTES=@@SQL_NOTES, SQL_NOTES=0 */;
CREATE DATABASE /*!32312 IF NOT EXISTS*/`device-center` /*!40100 DEFAULT CHARACTER SET utf8mb4 */;

USE `device-center`;

/*Table structure for table `device_app` */

DROP TABLE IF EXISTS `device_app`;

CREATE TABLE `device_app` (
  `id` int(11) unsigned NOT NULL AUTO_INCREMENT COMMENT 'ID',
  `app_id` int(11) DEFAULT NULL COMMENT '应用ID',
  `device_sn` varchar(64) DEFAULT NULL COMMENT '设备编码',
  `create_by` varchar(64) CHARACTER SET utf8mb4 COLLATE utf8mb4_unicode_ci DEFAULT '' COMMENT '创建者',
  `create_time` datetime NOT NULL DEFAULT CURRENT_TIMESTAMP COMMENT '创建时间',
  `update_by` varchar(64) CHARACTER SET utf8mb4 COLLATE utf8mb4_unicode_ci DEFAULT '' COMMENT '更新者',
  `update_time` datetime DEFAULT NULL ON UPDATE CURRENT_TIMESTAMP COMMENT '更新时间',
  `remark` varchar(500) CHARACTER SET utf8mb4 COLLATE utf8mb4_unicode_ci DEFAULT '' COMMENT '备注信息',
  PRIMARY KEY (`id`)
) ENGINE=InnoDB AUTO_INCREMENT=208 DEFAULT CHARSET=utf8mb4 COMMENT='应用设备关系';

/*Data for the table `device_app` */

insert  into `device_app`(`id`,`app_id`,`device_sn`,`create_by`,`create_time`,`update_by`,`update_time`,`remark`) values (1,1,'865501043343020','','2020-06-06 17:39:53','','2020-06-06 18:52:39',''),(2,2,'865501043197111','','2020-06-06 17:39:53','','2020-06-06 18:52:40',''),(3,3,'865501043069898','','2020-06-06 17:39:53','','2020-06-06 18:52:40',''),(4,4,'865501043231696','','2020-06-06 17:39:53','','2020-06-06 18:52:41',''),(5,5,'865501043279810','','2020-06-06 17:39:54','','2020-06-06 18:52:43',''),(6,6,'865501043339556','','2020-06-06 17:39:54','','2020-06-06 18:52:44',''),(7,7,'865501043074153','','2020-06-06 17:39:54','','2020-06-06 18:52:46',''),(8,8,'865501043163717','','2020-06-06 17:39:55','','2020-06-06 18:52:47',''),(9,9,'865501043318071','','2020-06-06 17:39:55','','2020-06-06 18:52:50',''),(10,10,'865501043361923','','2020-06-06 17:39:55','','2020-06-06 18:52:51',''),(11,11,'865501043079129','','2020-06-06 17:39:55','','2020-06-06 18:52:52',''),(12,12,'865501043247783','','2020-06-06 17:39:56','','2020-06-06 18:52:54',''),(13,13,'865501043361972','','2020-06-06 17:39:56','','2020-06-06 18:52:57',''),(14,14,'865501043172114','','2020-06-06 17:39:56','','2020-06-06 18:52:59',''),(15,15,'865501043084038','','2020-06-06 17:39:56','','2020-06-06 18:53:01',''),(16,16,'865501043343343','','2020-06-06 17:39:57','','2020-06-06 18:53:02',''),(17,17,'865501043281915','','2020-06-06 17:39:57','','2020-06-06 18:53:04',''),(18,18,'865501043279836','','2020-06-06 17:39:57','','2020-06-06 18:53:06',''),(19,19,'865501043069690','','2020-06-06 17:39:58','','2020-06-06 18:53:08',''),(20,20,'865501043224907','','2020-06-06 17:39:58','','2020-06-06 18:53:11',''),(21,21,'865501043072264','','2020-06-06 17:39:58','','2020-06-06 18:53:14',''),(22,22,'865501043312819','','2020-06-06 17:39:58','','2020-06-06 18:53:15',''),(23,23,'865501043080895','','2020-06-06 17:39:59','','2020-06-06 18:53:17',''),(24,24,'865501043344440','','2020-06-06 17:39:59','','2020-06-06 18:53:19',''),(25,25,'865501043123422','','2020-06-06 17:39:59','','2020-06-06 18:53:21',''),(26,26,'865501043166355','','2020-06-06 17:39:59','','2020-06-06 18:53:22',''),(27,27,'865501043066480','','2020-06-06 17:40:00','','2020-06-06 18:53:24',''),(28,28,'865501043175463','','2020-06-06 17:40:00','','2020-06-06 18:53:26',''),(29,29,'865501043066613','','2020-06-06 17:40:00','','2020-06-06 18:53:28',''),(30,30,'865501043087429','','2020-06-06 17:40:00','','2020-06-06 18:53:29',''),(31,31,'865501043224832','','2020-06-06 17:40:01','','2020-06-06 18:53:31',''),(32,32,'865501043333047','','2020-06-06 17:40:01','','2020-06-06 18:53:33',''),(33,33,'865501043329615','','2020-06-06 17:40:01','','2020-06-06 18:53:36',''),(34,34,'865501043180844','','2020-06-06 17:40:02','','2020-06-06 18:53:38',''),(35,35,'865501043343632','','2020-06-06 17:40:02','','2020-06-06 18:53:41',''),(36,36,'865501043068080','','2020-06-06 17:40:02','','2020-06-06 18:53:43',''),(37,37,'865501043300632','','2020-06-06 17:40:02','','2020-06-06 18:53:44',''),(38,38,'865501043316745','','2020-06-06 17:40:03','','2020-06-06 18:53:46',''),(39,39,'865501043100669','','2020-06-06 17:40:03','','2020-06-06 18:53:48',''),(40,40,'865501043343665','','2020-06-06 17:40:03','','2020-06-06 18:53:50',''),(41,41,'865501043182816','','2020-06-06 17:40:03','','2020-06-06 18:53:51',''),(42,42,'865501043069989','','2020-06-06 17:40:04','','2020-06-06 18:53:55',''),(43,43,'865501043072363','','2020-06-06 17:40:04','','2020-06-06 18:53:57',''),(44,44,'865501043213694','','2020-06-06 17:40:04','','2020-06-06 18:53:59',''),(45,45,'865501043249755','','2020-06-06 17:40:05','','2020-06-06 18:54:01',''),(46,46,'865501043282335','','2020-06-06 17:40:05','','2020-06-06 18:54:03',''),(47,47,'865501043340489','','2020-06-06 17:40:05','','2020-06-06 18:54:04',''),(48,48,'865501043065185','','2020-06-06 17:40:05','','2020-06-06 18:54:06',''),(49,49,'865501043071837','','2020-06-06 17:40:06','','2020-06-06 18:54:08',''),(50,50,'865501043082156','','2020-06-06 17:40:06','','2020-06-06 18:54:09',''),(51,51,'865501043137091','','2020-06-06 17:40:06','','2020-06-06 18:54:11',''),(52,52,'865501043218859','','2020-06-06 17:40:06','','2020-06-06 18:54:13',''),(53,53,'865501043345116','','2020-06-06 17:40:07','','2020-06-06 18:54:14',''),(54,54,'865501043090555','','2020-06-06 17:40:07','','2020-06-06 18:54:16',''),(55,55,'865501043143511','','2020-06-06 17:40:07','','2020-06-06 18:54:17',''),(56,56,'865501043342873','','2020-06-06 17:40:07','','2020-06-06 18:54:19',''),(57,57,'865501043256826','','2020-06-06 17:40:08','','2020-06-06 18:54:20',''),(58,58,'865501043070003','','2020-06-06 17:40:08','','2020-06-06 18:54:22',''),(59,59,'865501043146688','','2020-06-06 17:40:08','','2020-06-06 18:54:23',''),(60,60,'865501043301242','','2020-06-06 17:40:08','','2020-06-06 18:54:25',''),(61,61,'865501043326579','','2020-06-06 17:40:09','','2020-06-06 18:54:28',''),(62,62,'865501043298653','','2020-06-06 17:40:09','','2020-06-06 18:54:30',''),(63,63,'865501043137877','','2020-06-06 17:40:09','','2020-06-06 18:54:32',''),(64,64,'865501043265272','','2020-06-06 17:40:09','','2020-06-06 18:54:33',''),(65,65,'865501043209395','','2020-06-06 17:40:10','','2020-06-06 18:54:35',''),(66,66,'865501043165753','','2020-06-06 17:40:10','','2020-06-06 18:54:36',''),(67,67,'865501043300467','','2020-06-06 17:40:10','','2020-06-06 18:54:37',''),(68,68,'865501043343061','','2020-06-06 17:40:11','','2020-06-06 18:54:39',''),(69,69,'865501043202960','','2020-06-06 17:40:11','','2020-06-06 18:54:40',''),(70,70,'865501043069559','','2020-06-06 17:40:11','','2020-06-06 18:54:41',''),(71,71,'865501043299669','','2020-06-06 17:40:11','','2020-06-06 18:54:43',''),(72,72,'865501043067165','','2020-06-06 17:40:12','','2020-06-06 18:54:44',''),(73,73,'865501043063974','','2020-06-06 17:40:12','','2020-06-06 18:54:45',''),(74,74,'865501043170050','','2020-06-06 17:40:12','','2020-06-06 18:54:47',''),(75,75,'865501043071977','','2020-06-06 17:40:12','','2020-06-06 18:54:49',''),(76,76,'865501043065532','','2020-06-06 17:40:13','','2020-06-06 18:54:50',''),(77,77,'865501043069617','','2020-06-06 17:40:13','','2020-06-06 18:54:52',''),(78,78,'865501043298398','','2020-06-06 17:40:13','','2020-06-06 18:54:56',''),(79,79,'865501043066043','','2020-06-06 17:40:14','','2020-06-06 18:54:58',''),(80,80,'A1815078','','2020-06-06 17:40:14','','2020-06-06 18:55:00',''),(81,81,'865501043317156','','2020-06-06 17:40:14','','2020-06-06 18:55:01',''),(82,82,'865501043320002','','2020-06-06 17:40:14','','2020-06-06 18:55:03',''),(83,83,'865501043066704','','2020-06-06 17:40:15','','2020-06-06 18:55:04',''),(84,84,'865501043359539','','2020-06-06 17:40:15','','2020-06-06 18:55:06',''),(85,85,'865501043177592','','2020-06-06 17:40:15','','2020-06-06 18:55:07',''),(86,86,'865501043077743','','2020-06-06 17:40:15','','2020-06-06 18:55:09',''),(87,87,'865501043063164','','2020-06-06 17:40:16','','2020-06-06 18:55:11',''),(88,88,'865501043300574','','2020-06-06 17:40:16','','2020-06-06 18:55:15',''),(89,89,'865501043097709','','2020-06-06 17:40:16','','2020-06-06 18:55:17',''),(90,90,'865501043280412','','2020-06-06 17:40:16','','2020-06-06 18:55:18',''),(91,91,'865501043138081','','2020-06-06 17:40:17','','2020-06-06 18:55:20',''),(92,92,'865501043062729','','2020-06-06 17:40:17','','2020-06-06 18:55:22',''),(93,93,'','','2020-06-06 17:40:17','','2020-06-06 18:55:23',''),(94,94,'865501043333443','','2020-06-06 17:40:18','','2020-06-06 18:55:24',''),(95,95,'','','2020-06-06 17:40:18','','2020-06-06 18:55:26',''),(96,96,'','','2020-06-06 17:40:18','','2020-06-06 18:55:27',''),(97,97,'865501043178897','','2020-06-06 17:40:18','','2020-06-06 18:55:29',''),(98,98,'864161020890039','','2020-06-06 17:40:19','','2020-06-06 18:55:32',''),(99,99,'862810047096986','','2020-06-06 17:40:19','','2020-06-06 18:55:34',''),(100,100,'865501043361972','','2020-06-06 17:40:19','','2020-06-06 18:55:37',''),(101,101,'','','2020-06-06 17:40:19','','2020-06-06 18:55:38',''),(102,102,'865501043298836','','2020-06-06 17:40:20','','2020-06-06 18:55:40',''),(103,103,'865501043282889','','2020-06-06 17:40:20','','2020-06-06 18:55:41',''),(104,104,'','','2020-06-06 17:40:20','','2020-06-06 18:55:43',''),(105,105,'865501043298570','','2020-06-06 17:40:20','','2020-06-06 18:55:45',''),(106,106,'865501043065557','','2020-06-06 17:40:21','','2020-06-06 18:55:46',''),(107,107,'865501043293480','','2020-06-06 17:40:21','','2020-06-06 18:55:48',''),(108,108,'865501043084012','','2020-06-06 17:40:21','','2020-06-06 18:55:49',''),(109,109,'865501043247155','','2020-06-06 17:40:22','','2020-06-06 18:55:52',''),(110,110,'865501043064741','','2020-06-06 17:40:22','','2020-06-06 18:55:54',''),(111,111,'865501043205021','','2020-06-06 17:40:22','','2020-06-06 18:55:56',''),(112,112,'865501043068056','','2020-06-06 17:40:22','','2020-06-06 18:55:57',''),(113,113,'865501043308098','','2020-06-06 17:40:23','','2020-06-06 18:55:58',''),(114,114,'865501043293050','','2020-06-06 17:40:23','','2020-06-06 18:56:00',''),(115,115,'865501043143438','','2020-06-06 17:40:23','','2020-06-06 18:56:01',''),(116,116,'865501043069914','','2020-06-06 17:40:23','','2020-06-06 18:56:03',''),(117,117,'865501043293761','','2020-06-06 17:40:24','','2020-06-06 18:56:04',''),(118,118,'865501043142232','','2020-06-06 17:40:24','','2020-06-06 18:56:05',''),(119,119,'865501043292912','','2020-06-06 17:40:24','','2020-06-06 18:56:12',''),(120,120,'865501043256842','','2020-06-06 17:40:24','','2020-06-06 18:56:14',''),(121,121,'865501043166297','','2020-06-06 17:40:25','','2020-06-06 18:56:16',''),(122,122,'862810047214803','','2020-06-06 17:40:25','','2020-06-06 18:56:17',''),(123,123,'862810047121941','','2020-06-06 17:40:25','','2020-06-06 18:56:18',''),(124,124,'862810047119721','','2020-06-06 17:40:25','','2020-06-06 18:56:20',''),(125,125,'862810046879416','','2020-06-06 17:40:26','','2020-06-06 18:56:21',''),(126,126,'862810047120018','','2020-06-06 17:40:26','','2020-06-06 18:56:22',''),(127,127,'862810047231013','','2020-06-06 17:40:26','','2020-06-06 18:56:24',''),(128,128,'862810047101836','','2020-06-06 17:40:27','','2020-06-06 18:56:25',''),(129,129,'','','2020-06-06 17:40:27','','2020-06-06 18:56:26',''),(130,130,'862810047101844','','2020-06-06 17:40:27','','2020-06-06 18:56:28',''),(131,131,'862810047157846','','2020-06-06 17:40:27','','2020-06-06 18:56:31',''),(132,132,'865501043141978','','2020-06-06 17:40:28','','2020-06-06 18:56:36',''),(133,133,'865501043300459','','2020-06-06 17:40:28','','2020-06-06 18:56:37',''),(134,134,'865501043325464','','2020-06-06 17:40:28','','2020-06-06 18:56:39',''),(135,135,'865501043282681','','2020-06-06 17:40:28','','2020-06-06 18:56:40',''),(136,136,'865501043343772','','2020-06-06 17:40:29','','2020-06-06 18:56:57',''),(137,137,'865501043074534','','2020-06-06 17:40:29','','2020-06-06 18:57:00',''),(138,138,'865501043114744','','2020-06-06 17:40:29','','2020-06-06 18:57:02',''),(139,139,'865501043292052','','2020-06-06 17:40:29','','2020-06-06 18:57:05',''),(140,140,'865501043316745','','2020-06-06 17:40:30','','2020-06-06 18:57:07',''),(141,141,'865501043227058','','2020-06-06 17:40:30','','2020-06-06 18:57:10',''),(142,142,'865501043069518','','2020-06-06 17:40:30','','2020-06-06 18:57:12',''),(143,143,'865501043142190','','2020-06-06 17:40:31','','2020-06-06 18:57:15',''),(144,144,'865501043143396','','2020-06-06 17:40:31','','2020-06-06 18:57:18',''),(145,145,'865501043105684','','2020-06-06 17:40:31','','2020-06-06 18:57:21',''),(146,146,'865501043342832','','2020-06-06 17:40:31','','2020-06-06 18:57:23',''),(147,147,'865501043281055','','2020-06-06 17:40:32','','2020-06-06 18:57:27',''),(148,148,'865501043280420','','2020-06-06 17:40:32','','2020-06-06 18:57:29',''),(149,149,'862810047092902','','2020-06-06 17:40:32','','2020-06-06 18:57:32',''),(150,150,'862810047162622','','2020-06-06 17:40:32','','2020-06-06 18:57:34',''),(151,151,'865501043135368','','2020-06-06 17:40:33','','2020-06-06 18:57:36',''),(152,152,'868221043220378','','2020-06-06 17:40:33','','2020-06-06 18:57:38',''),(153,153,'868221043217663','','2020-06-06 17:40:33','','2020-06-06 18:57:41',''),(154,154,'868221043217143','','2020-06-06 17:40:34','','2020-06-06 18:57:43',''),(155,155,'868221043840092','','2020-06-06 17:40:34','','2020-06-06 18:57:51',''),(156,156,'868221043217101','','2020-06-06 17:40:34','','2020-06-06 18:58:01',''),(157,157,'868221043226334','','2020-06-06 17:40:34','','2020-06-06 18:58:04',''),(158,158,'868221043220444','','2020-06-06 17:40:35','','2020-06-06 18:58:06',''),(159,159,'868221043220352','','2020-06-06 17:40:35','','2020-06-06 18:58:08',''),(160,160,'868221043839490','','2020-06-06 17:40:35','','2020-06-06 18:58:10',''),(161,161,'868221043219479','','2020-06-06 17:40:35','','2020-06-06 18:58:13',''),(162,162,'868221043220196','','2020-06-06 17:40:36','','2020-06-06 18:58:14',''),(163,163,'868221043200016','','2020-06-06 17:40:36','','2020-06-06 18:58:17',''),(164,164,'868221043220493','','2020-06-06 17:40:37','','2020-06-06 18:58:19',''),(165,165,'865501043092023','','2020-06-06 17:40:37','','2020-06-06 18:58:21',''),(166,166,'865501043299511','','2020-06-06 17:40:37','','2020-06-06 18:58:23',''),(167,167,'865501043067520','','2020-06-06 17:40:37','','2020-06-06 18:58:25',''),(168,168,'865501043066381','','2020-06-06 17:40:38','','2020-06-06 18:58:28',''),(169,169,'865501043298661','','2020-06-06 17:40:38','','2020-06-06 18:58:30',''),(170,170,'865501043139873','','2020-06-06 17:40:38','','2020-06-06 18:58:32',''),(171,171,'865501043298869','','2020-06-06 17:40:38','','2020-06-06 18:58:34',''),(172,172,'865501043137851','','2020-06-06 17:40:39','','2020-06-06 18:58:35',''),(173,173,'865501043298620','','2020-06-06 17:40:39','','2020-06-06 18:58:38',''),(174,174,'865501043218404','','2020-06-06 17:40:39','','2020-06-06 18:58:40',''),(175,175,'865501043300400','','2020-06-06 17:40:39','','2020-06-06 18:58:43',''),(176,176,'865501043075556','','2020-06-06 17:40:40','','2020-06-06 18:58:44',''),(177,177,'Y1721001','','2020-06-06 17:40:40','','2020-06-06 18:58:47',''),(178,178,'Y1721002','','2020-06-06 17:40:40','','2020-06-06 18:58:49',''),(179,179,'Y1721003','','2020-06-06 17:40:41','','2020-06-06 18:58:51',''),(180,180,'Y1721004','','2020-06-06 17:40:41','','2020-06-06 18:58:53',''),(181,181,'Y1721005','','2020-06-06 17:40:41','','2020-06-06 18:58:55',''),(182,182,'Y1721006','','2020-06-06 17:40:41','','2020-06-06 18:58:57',''),(183,183,'Y1721007','','2020-06-06 17:40:42','','2020-06-06 18:58:59',''),(184,184,'Y1721009','','2020-06-06 17:40:42','','2020-06-06 18:59:01',''),(185,185,'Y1721010','','2020-06-06 17:40:42','','2020-06-06 18:59:03',''),(186,186,'Y1721011','','2020-06-06 17:40:42','','2020-06-06 18:59:05',''),(187,187,'Y1721012','','2020-06-06 17:40:43','','2020-06-06 18:59:06',''),(188,188,'Y1721013','','2020-06-06 17:40:43','','2020-06-06 18:59:09',''),(189,189,'L1721001','','2020-06-06 17:40:43','','2020-06-06 18:59:12',''),(190,190,'L1721002','','2020-06-06 17:40:44','','2020-06-06 18:59:16',''),(191,191,'S1721001','','2020-06-06 17:40:44','','2020-06-06 18:59:21',''),(192,192,'S1721002','','2020-06-06 17:40:44','','2020-06-06 18:59:25',''),(193,193,'865501043158113','','2020-06-06 17:40:44','','2020-06-06 18:59:27',''),(194,194,'865501043215970','','2020-06-06 17:40:45','','2020-06-06 18:59:28',''),(195,195,'865501043084723','','2020-06-06 17:40:45','','2020-06-06 18:59:30',''),(196,196,'865501043231142','','2020-06-06 17:40:45','','2020-06-06 18:59:33',''),(197,197,'865501043282541','','2020-06-06 17:40:46','','2020-06-06 18:59:35',''),(198,198,'865501043237545','','2020-06-06 17:40:46','','2020-06-06 18:59:37',''),(199,199,'865501043066605','','2020-06-06 17:40:46','','2020-06-06 18:59:39',''),(200,200,'865501043330084','','2020-06-06 17:40:46','','2020-06-06 18:59:41',''),(201,201,'865501043064204','','2020-06-06 17:40:47','','2020-06-06 18:59:43',''),(202,202,'865501043092668','','2020-06-06 17:40:47','','2020-06-06 18:59:46',''),(203,203,'865501043114819','','2020-06-06 17:40:47','','2020-06-06 18:59:47',''),(204,204,'865501043070334','','2020-06-06 17:40:47','','2020-06-06 18:59:49',''),(205,205,'865501043337394','','2020-06-06 17:40:48','','2020-06-06 18:59:51',''),(206,206,'865501043303339','','2020-06-06 17:40:48','','2020-06-06 18:59:53',''),(207,207,'865501043281279','','2020-06-06 17:40:48','','2020-06-06 18:59:58','');

/*Table structure for table `device_info` */

DROP TABLE IF EXISTS `device_info`;

CREATE TABLE `device_info` (
  `id` int(11) NOT NULL AUTO_INCREMENT COMMENT '设备id',
  `device_sn` varchar(64) DEFAULT NULL COMMENT '设备编号',
  `manufacturer_id` int(11) DEFAULT NULL COMMENT '设备厂家',
  `model` varchar(64) DEFAULT NULL COMMENT '设备型号',
  `name` varchar(64) DEFAULT NULL COMMENT '设备品名',
  `generation_date` datetime DEFAULT NULL COMMENT '生产日期',
  `equipment_life` float DEFAULT NULL COMMENT '使用年限',
  `devce_type_id` int(11) DEFAULT NULL COMMENT '设备类型',
  `power_supply_mode` int(11) DEFAULT NULL COMMENT '供电方式',
  `is_iot_device` int(11) DEFAULT NULL COMMENT '是否物联网设备',
  `create_by` varchar(64) CHARACTER SET utf8mb4 COLLATE utf8mb4_unicode_ci DEFAULT '' COMMENT '创建者',
  `create_time` datetime NOT NULL DEFAULT CURRENT_TIMESTAMP COMMENT '创建时间',
  `update_by` varchar(64) CHARACTER SET utf8mb4 COLLATE utf8mb4_unicode_ci DEFAULT '' COMMENT '更新者',
  `update_time` datetime DEFAULT NULL ON UPDATE CURRENT_TIMESTAMP COMMENT '更新时间',
  `remark` varchar(500) CHARACTER SET utf8mb4 COLLATE utf8mb4_unicode_ci DEFAULT '' COMMENT '备注信息',
  `status` int(11) NOT NULL DEFAULT '1' COMMENT '0在线1离线',
  PRIMARY KEY (`id`) USING BTREE,
  UNIQUE KEY `device_sn` (`device_sn`)
) ENGINE=InnoDB AUTO_INCREMENT=264 DEFAULT CHARSET=utf8mb4 ROW_FORMAT=COMPACT COMMENT='设备信息';

/*Data for the table `device_info` */

insert  into `device_info`(`id`,`device_sn`,`manufacturer_id`,`model`,`name`,`generation_date`,`equipment_life`,`devce_type_id`,`power_supply_mode`,`is_iot_device`,`create_by`,`create_time`,`update_by`,`update_time`,`remark`,`status`) values (1,'865501043343020',NULL,NULL,'双海道01',NULL,NULL,6,NULL,NULL,'','2020-06-06 18:41:09','','2020-06-28 00:30:23','空气设备',0),(2,'865501043197111',NULL,NULL,'天盈三支路01',NULL,NULL,6,NULL,NULL,'','2020-06-06 18:41:09','','2020-06-28 00:30:23','空气设备',0),(3,'865501043069898',NULL,NULL,'青光工业区',NULL,NULL,6,NULL,NULL,'','2020-06-06 18:41:09','','2020-06-28 00:30:23','空气设备',0),(4,'865501043231696',NULL,NULL,'津围公路02',NULL,NULL,6,NULL,NULL,'','2020-06-06 18:41:09','','2020-06-28 00:30:23','空气设备',0),(5,'865501043279810',NULL,NULL,'立新工业区',NULL,NULL,6,NULL,NULL,'','2020-06-06 18:41:10','','2020-06-28 00:30:23','空气设备',0),(6,'865501043339556',NULL,NULL,'张献庄工业区',NULL,NULL,6,NULL,NULL,'','2020-06-06 18:41:10','','2020-06-28 00:30:23','空气设备',0),(7,'865501043074153',NULL,NULL,'津榆线02',NULL,NULL,6,NULL,NULL,'','2020-06-06 18:41:10','','2020-06-26 00:00:03','空气设备',0),(8,'865501043163717',NULL,NULL,'景观路01',NULL,NULL,6,NULL,NULL,'','2020-06-06 18:41:10','','2020-06-28 00:30:23','空气设备',0),(9,'865501043318071',NULL,NULL,'天秀路01',NULL,NULL,6,NULL,NULL,'','2020-06-06 18:41:11','','2020-06-28 00:30:23','空气设备',0),(10,'865501043361923',NULL,NULL,'滦水西路01',NULL,NULL,6,NULL,NULL,'','2020-06-06 18:41:11','','2020-06-28 00:30:23','空气设备',0),(11,'865501043079129',NULL,NULL,'天小店工业区',NULL,NULL,6,NULL,NULL,'','2020-06-06 18:41:11','','2020-06-28 00:30:23','空气设备',0),(12,'865501043247783',NULL,NULL,'朝阳路01',NULL,NULL,6,NULL,NULL,'','2020-06-06 18:41:12','','2020-06-28 00:30:23','空气设备',0),(13,'865501043298869B',NULL,NULL,'事成工业园',NULL,NULL,0,NULL,NULL,'','2020-06-06 18:41:12','','2020-06-28 10:24:41','无棣管网设备/压力计',0),(14,'865501043172114',NULL,NULL,'万发工业区',NULL,NULL,6,NULL,NULL,'','2020-06-06 18:41:12','','2020-06-28 00:30:23','空气设备',0),(15,'865501043084038',NULL,NULL,'津围公路01',NULL,NULL,6,NULL,NULL,'','2020-06-06 18:41:12','','2020-06-28 00:30:23','空气设备',0),(16,'865501043343343',NULL,NULL,'陆港巷02',NULL,NULL,6,NULL,NULL,'','2020-06-06 18:41:12','','2020-06-28 00:30:24','空气设备',0),(17,'865501043281915',NULL,NULL,'李房子工业区',NULL,NULL,6,NULL,NULL,'','2020-06-06 18:41:13','','2020-06-28 00:30:24','空气设备',0),(18,'865501043279836',NULL,NULL,'高新大道01',NULL,NULL,6,NULL,NULL,'','2020-06-06 18:41:13','','2020-06-28 00:30:24','空气设备',0),(19,'865501043069690',NULL,NULL,'京宝工业区',NULL,NULL,6,NULL,NULL,'','2020-06-06 18:41:13','','2020-06-28 00:30:24','空气设备',0),(20,'865501043224907',NULL,NULL,'宸宜花园01',NULL,NULL,6,NULL,NULL,'','2020-06-06 18:41:13','','2020-06-28 00:30:24','空气设备',0),(21,'865501043072264',NULL,NULL,'津榆线01',NULL,NULL,6,NULL,NULL,'','2020-06-06 18:41:14','','2020-06-23 10:30:01','空气设备',1),(22,'865501043312819',NULL,NULL,'辽河道01',NULL,NULL,6,NULL,NULL,'','2020-06-06 18:41:14','','2020-06-28 00:30:24','空气设备',0),(23,'865501043080895',NULL,NULL,'佳宁道01',NULL,NULL,6,NULL,NULL,'','2020-06-06 18:41:14','','2020-06-28 00:30:24','空气设备',0),(24,'865501043344440',NULL,NULL,'淮河道03',NULL,NULL,6,NULL,NULL,'','2020-06-06 18:41:14','','2020-06-26 00:00:04','空气设备',0),(25,'865501043123422',NULL,NULL,'柳东路01',NULL,NULL,6,NULL,NULL,'','2020-06-06 18:41:15','','2020-06-28 00:30:24','空气设备',0),(26,'865501043166355',NULL,NULL,'郎园工业区',NULL,NULL,6,NULL,NULL,'','2020-06-06 18:41:15','','2020-06-28 00:30:24','空气设备',0),(27,'865501043066480',NULL,NULL,'宝翠花都01',NULL,NULL,6,NULL,NULL,'','2020-06-06 18:41:15','','2020-06-28 00:30:24','空气设备',0),(28,'865501043175463',NULL,NULL,'北仓路03',NULL,NULL,6,NULL,NULL,'','2020-06-06 18:41:15','','2020-06-28 00:30:24','空气设备',0),(29,'865501043066613',NULL,NULL,'飞龙科技园',NULL,NULL,6,NULL,NULL,'','2020-06-06 18:41:16','','2020-06-28 00:30:24','空气设备',0),(30,'865501043087429',NULL,NULL,'北辰路02',NULL,NULL,6,NULL,NULL,'','2020-06-06 18:41:16','','2020-06-28 00:30:24','空气设备',0),(31,'865501043224832',NULL,NULL,'屈店村01',NULL,NULL,6,NULL,NULL,'','2020-06-06 18:41:16','','2020-06-28 00:30:24','空气设备',0),(32,'865501043333047',NULL,NULL,'河头工业区',NULL,NULL,6,NULL,NULL,'','2020-06-06 18:41:16','','2020-06-28 00:30:24','空气设备',0),(33,'865501043329615',NULL,NULL,'万科花园01',NULL,NULL,6,NULL,NULL,'','2020-06-06 18:41:17','','2020-06-28 00:30:24','空气设备',0),(34,'865501043180844',NULL,NULL,'韩家墅工业区',NULL,NULL,6,NULL,NULL,'','2020-06-06 18:41:17','','2020-06-26 00:00:04','空气设备',0),(35,'865501043343632',NULL,NULL,'华盛道01',NULL,NULL,6,NULL,NULL,'','2020-06-06 18:41:17','','2020-06-28 00:30:25','空气设备',0),(36,'865501043068080',NULL,NULL,'双河食品批发',NULL,NULL,6,NULL,NULL,'','2020-06-06 18:41:18','','2020-06-26 15:00:04','空气设备',0),(37,'865501043300632',NULL,NULL,'淮河道01',NULL,NULL,6,NULL,NULL,'','2020-06-06 18:41:18','','2020-06-28 00:30:25','空气设备',0),(38,'865501043316745',NULL,NULL,'鸿仓产业园',NULL,NULL,6,NULL,NULL,'','2020-06-06 18:41:18','','2020-06-28 00:30:25','空气设备',0),(39,'865501043100669',NULL,NULL,'西堤头工业区南区',NULL,NULL,6,NULL,NULL,'','2020-06-06 18:41:18','','2020-06-25 05:00:04','空气设备',0),(40,'865501043343665',NULL,NULL,'西堤头北区02',NULL,NULL,6,NULL,NULL,'','2020-06-06 18:41:19','','2020-06-28 00:30:25','空气设备',0),(41,'865501043182816',NULL,NULL,'延边道01',NULL,NULL,6,NULL,NULL,'','2020-06-06 18:41:19','','2020-06-24 01:30:03','空气设备',0),(42,'865501043069989',NULL,NULL,'朱唐庄路01',NULL,NULL,6,NULL,NULL,'','2020-06-06 18:41:19','','2020-06-23 10:30:02','空气设备',1),(43,'865501043072363',NULL,NULL,'铁东路01',NULL,NULL,6,NULL,NULL,'','2020-06-06 18:41:19','','2020-06-28 00:30:25','空气设备',0),(44,'865501043213694',NULL,NULL,'红旗路01',NULL,NULL,6,NULL,NULL,'','2020-06-06 18:41:20','','2020-06-28 00:30:25','空气设备',0),(45,'865501043249755',NULL,NULL,'淮河道02',NULL,NULL,6,NULL,NULL,'','2020-06-06 18:41:20','','2020-06-28 00:30:25','空气设备',0),(46,'865501043282335',NULL,NULL,'朝阳路05',NULL,NULL,6,NULL,NULL,'','2020-06-06 18:41:20','','2020-06-28 00:30:25','空气设备',0),(47,'865501043340489',NULL,NULL,'天运道01',NULL,NULL,6,NULL,NULL,'','2020-06-06 18:41:20','','2020-06-28 00:30:25','空气设备',0),(48,'865501043065185',NULL,NULL,'如愿工业园',NULL,NULL,6,NULL,NULL,'','2020-06-06 18:41:21','','2020-06-28 00:30:25','空气设备',0),(49,'865501043071837',NULL,NULL,'中达石化01',NULL,NULL,6,NULL,NULL,'','2020-06-06 18:41:21','','2020-06-28 00:30:25','空气设备',0),(50,'865501043082156',NULL,NULL,'陆港巷01',NULL,NULL,6,NULL,NULL,'','2020-06-06 18:41:21','','2020-06-26 00:30:05','空气设备',0),(51,'865501043137091',NULL,NULL,'旺安路利伟超市',NULL,NULL,6,NULL,NULL,'','2020-06-06 18:41:21','','2020-06-28 00:30:25','空气设备',0),(52,'865501043218859',NULL,NULL,'腾顺佳美化工',NULL,NULL,6,NULL,NULL,'','2020-06-06 18:41:22','','2020-06-28 00:30:26','空气设备',0),(53,'865501043345116',NULL,NULL,'凤宁道01',NULL,NULL,6,NULL,NULL,'','2020-06-06 18:41:22','','2020-06-28 00:30:26','空气设备',0),(54,'865501043090555',NULL,NULL,'辽河道03',NULL,NULL,6,NULL,NULL,'','2020-06-06 18:41:22','','2020-06-26 00:00:05','空气设备',0),(55,'865501043143511',NULL,NULL,'辰永路01',NULL,NULL,6,NULL,NULL,'','2020-06-06 18:41:22','','2020-06-28 00:30:26','空气设备',0),(56,'865501043342873',NULL,NULL,'姚江路04',NULL,NULL,6,NULL,NULL,'','2020-06-06 18:41:23','','2020-06-28 00:30:26','空气设备',0),(57,'865501043256826',NULL,NULL,'滦河道01',NULL,NULL,6,NULL,NULL,'','2020-06-06 18:41:23','','2020-06-28 00:30:26','空气设备',0),(58,'865501043070003',NULL,NULL,'汉沟工业区',NULL,NULL,6,NULL,NULL,'','2020-06-06 18:41:23','','2020-06-28 00:30:26','空气设备',0),(59,'865501043146688',NULL,NULL,'万科新城01',NULL,NULL,6,NULL,NULL,'','2020-06-06 18:41:23','','2020-06-28 00:30:26','空气设备',0),(60,'865501043301242',NULL,NULL,'汾河道01',NULL,NULL,6,NULL,NULL,'','2020-06-06 18:41:24','','2020-06-28 00:30:26','空气设备',0),(61,'865501043326579',NULL,NULL,'兴河路01',NULL,NULL,6,NULL,NULL,'','2020-06-06 18:41:24','','2020-06-23 10:30:04','空气设备',1),(62,'865501043298653',NULL,NULL,'洛河道01',NULL,NULL,6,NULL,NULL,'','2020-06-06 18:41:24','','2020-06-28 00:30:26','空气设备',0),(63,'865501043137877',NULL,NULL,'光明大道01',NULL,NULL,6,NULL,NULL,'','2020-06-06 18:41:24','','2020-06-28 00:30:26','空气设备',0),(64,'865501043265272',NULL,NULL,'医疗器械产业园',NULL,NULL,6,NULL,NULL,'','2020-06-06 18:41:25','','2020-06-24 09:00:04','空气设备',0),(65,'865501043209395',NULL,NULL,'乾坤物流公司',NULL,NULL,6,NULL,NULL,'','2020-06-06 18:41:25','','2020-06-28 00:30:26','空气设备',0),(66,'865501043165753',NULL,NULL,'安光工业区',NULL,NULL,6,NULL,NULL,'','2020-06-06 18:41:25','','2020-06-25 14:00:03','空气设备',0),(67,'865501043300467',NULL,NULL,'迎宾路01',NULL,NULL,6,NULL,NULL,'','2020-06-06 18:41:25','','2020-06-28 00:30:26','空气设备',0),(68,'865501043343061',NULL,NULL,'宜兴阜陶瓷厂',NULL,NULL,6,NULL,NULL,'','2020-06-06 18:41:26','','2020-06-23 10:30:04','空气设备',1),(69,'865501043202960',NULL,NULL,'天雅路02',NULL,NULL,6,NULL,NULL,'','2020-06-06 18:41:26','','2020-06-28 00:30:26','空气设备',0),(70,'865501043069559',NULL,NULL,'华丰道01',NULL,NULL,6,NULL,NULL,'','2020-06-06 18:41:26','','2020-06-28 00:30:27','空气设备',0),(71,'865501043299669',NULL,NULL,'景祥路01',NULL,NULL,6,NULL,NULL,'','2020-06-06 18:41:26','','2020-06-28 00:30:27','空气设备',0),(72,'865501043067165',NULL,NULL,'北仓路01',NULL,NULL,6,NULL,NULL,'','2020-06-06 18:41:26','','2020-06-28 00:30:27','空气设备',0),(73,'865501043063974',NULL,NULL,'刘码头工业区',NULL,NULL,6,NULL,NULL,'','2020-06-06 18:41:27','','2020-06-28 00:30:27','空气设备',0),(74,'865501043170050',NULL,NULL,'朝阳路03',NULL,NULL,6,NULL,NULL,'','2020-06-06 18:41:27','','2020-06-28 00:30:27','空气设备',0),(75,'865501043071977',NULL,NULL,'温家房子村工业区',NULL,NULL,6,NULL,NULL,'','2020-06-06 18:41:27','','2020-06-28 00:30:27','空气设备',0),(76,'865501043065532',NULL,NULL,'北辰道01',NULL,NULL,6,NULL,NULL,'','2020-06-06 18:41:27','','2020-06-28 00:30:27','空气设备',0),(77,'865501043069617',NULL,NULL,'淀河路01',NULL,NULL,6,NULL,NULL,'','2020-06-06 18:41:28','','2020-06-28 00:30:27','空气设备',0),(78,'865501043298398',NULL,NULL,'线河工业区',NULL,NULL,6,NULL,NULL,'','2020-06-06 18:41:28','','2020-06-28 00:30:27','空气设备',0),(79,'865501043066043',NULL,NULL,'小街工业区',NULL,NULL,6,NULL,NULL,'','2020-06-06 18:41:28','','2020-06-28 00:30:27','空气设备',0),(80,'A1815078',NULL,NULL,'西堤头北区01',NULL,NULL,6,NULL,NULL,'','2020-06-06 18:41:29','','2020-06-23 10:30:05','空气设备',1),(81,'865501043317156',NULL,NULL,'北辰国控点附近',NULL,NULL,6,NULL,NULL,'','2020-06-06 18:41:29','','2020-06-28 00:30:27','空气设备',0),(82,'865501043320002',NULL,NULL,'北辰国控点附近',NULL,NULL,6,NULL,NULL,'','2020-06-06 18:41:29','','2020-06-28 00:30:27','空气设备',0),(83,'865501043066704',NULL,NULL,'北辰国控点附近',NULL,NULL,6,NULL,NULL,'','2020-06-06 18:41:29','','2020-06-28 00:30:27','空气设备',0),(84,'865501043359539',NULL,NULL,'黄家埠人民政府',NULL,NULL,6,NULL,NULL,'','2020-06-06 18:41:30','','2020-06-26 10:00:05','空气设备',0),(85,'865501043177592',NULL,NULL,'泗门镇政府',NULL,NULL,6,NULL,NULL,'','2020-06-06 18:41:30','','2020-06-28 00:30:27','空气设备',0),(86,'865501043077743',NULL,NULL,'龙山公园',NULL,NULL,6,NULL,NULL,'','2020-06-06 18:41:30','','2020-06-28 00:30:27','空气设备',0),(87,'865501043063164',NULL,NULL,'丈亭镇人民政府',NULL,NULL,6,NULL,NULL,'','2020-06-06 18:41:30','','2020-06-28 00:30:28','空气设备',0),(88,'865501043300574',NULL,NULL,'陆埠镇人民政府',NULL,NULL,6,NULL,NULL,'','2020-06-06 18:41:31','','2020-06-23 10:30:06','空气设备',1),(89,'865501043097709',NULL,NULL,'嘉兴学院1',NULL,NULL,6,NULL,NULL,'','2020-06-06 18:41:31','','2020-06-28 00:30:28','空气设备',0),(90,'865501043280412',NULL,NULL,'嘉兴学院2',NULL,NULL,6,NULL,NULL,'','2020-06-06 18:41:31','','2020-06-28 00:30:28','空气设备',0),(91,'865501043138081',NULL,NULL,'嘉兴学院3',NULL,NULL,6,NULL,NULL,'','2020-06-06 18:41:31','','2020-06-28 00:30:28','空气设备',0),(92,'865501043062729',NULL,NULL,'嘉兴学院4',NULL,NULL,6,NULL,NULL,'','2020-06-06 18:41:32','','2020-06-28 00:30:28','空气设备',0),(94,'865501043333443',NULL,NULL,'新塍镇',NULL,NULL,6,NULL,NULL,'','2020-06-06 18:41:32','','2020-06-28 00:30:28','空气设备',0),(97,'865501043178897',NULL,NULL,'城市运营',NULL,NULL,6,NULL,NULL,'','2020-06-06 18:41:33','','2020-06-28 00:30:28','空气设备',0),(98,'864161020890039',NULL,NULL,'中节能一期',NULL,NULL,6,NULL,NULL,'','2020-06-06 18:41:33','','2020-06-24 04:30:05','空气设备',0),(99,'862810047096986',NULL,NULL,'中节能二期',NULL,NULL,6,NULL,NULL,'','2020-06-06 18:41:33','','2020-06-28 00:30:28','空气设备',0),(100,'865501043361972',NULL,NULL,'市青少年宫',NULL,NULL,6,NULL,NULL,'','2020-06-06 18:41:33','','2020-06-23 10:30:08','空气设备',1),(102,'865501043298836',NULL,NULL,'纺工路烟雨路口',NULL,NULL,6,NULL,NULL,'','2020-06-06 18:41:34','','2020-06-24 11:30:04','空气设备',0),(103,'865501043282889',NULL,NULL,'纺工路凌公塘路口',NULL,NULL,6,NULL,NULL,'','2020-06-06 18:41:34','','2020-06-24 09:00:05','空气设备',0),(105,'865501043298570',NULL,NULL,'嘉兴市体育中心 ',NULL,NULL,6,NULL,NULL,'','2020-06-06 18:41:35','','2020-06-24 11:30:04','空气设备',0),(106,'865501043065557',NULL,NULL,'会展中心博雅酒店 ',NULL,NULL,6,NULL,NULL,'','2020-06-06 18:41:35','','2020-06-24 10:30:03','空气设备',0),(107,'865501043293480',NULL,NULL,'南溪西路英雄园',NULL,NULL,6,NULL,NULL,'','2020-06-06 18:41:35','','2020-06-26 03:00:06','空气设备',0),(108,'865501043084012',NULL,NULL,'南湖大桥',NULL,NULL,6,NULL,NULL,'','2020-06-06 18:41:36','','2020-06-28 00:30:28','空气设备',0),(109,'865501043247155',NULL,NULL,'质量技术监督局',NULL,NULL,6,NULL,NULL,'','2020-06-06 18:41:36','','2020-06-23 10:30:09','空气设备',0),(110,'865501043064741',NULL,NULL,'南湖印象餐厅',NULL,NULL,6,NULL,NULL,'','2020-06-06 18:41:36','','2020-06-24 11:30:04','空气设备',1),(111,'865501043205021',NULL,NULL,'南湖会景园',NULL,NULL,6,NULL,NULL,'','2020-06-06 18:41:36','','2020-06-23 10:30:09','空气设备',1),(112,'865501043068056',NULL,NULL,'南湖革命纪念馆 ',NULL,NULL,6,NULL,NULL,'','2020-06-06 18:41:37','','2020-06-25 22:00:06','空气设备',0),(113,'865501043308098',NULL,NULL,'嘉兴市人民政府',NULL,NULL,6,NULL,NULL,'','2020-06-06 18:41:37','','2020-06-24 11:30:04','空气设备',0),(114,'865501043293050',NULL,NULL,'范蠡湖梅湾街',NULL,NULL,6,NULL,NULL,'','2020-06-06 18:41:37','','2020-06-28 00:30:29','空气设备',0),(115,'865501043143438',NULL,NULL,'文昌路城南路口',NULL,NULL,6,NULL,NULL,'','2020-06-06 18:41:37','','2020-06-26 15:00:06','空气设备',0),(116,'865501043069914',NULL,NULL,'放鹤洲',NULL,NULL,6,NULL,NULL,'','2020-06-06 18:41:38','','2020-06-24 11:30:05','空气设备',0),(117,'865501043293761',NULL,NULL,'浙商银行',NULL,NULL,6,NULL,NULL,'','2020-06-06 18:41:38','','2020-06-28 00:30:29','空气设备',0),(118,'865501043142232',NULL,NULL,'水务计量中心河对岸',NULL,NULL,6,NULL,NULL,'','2020-06-06 18:41:38','','2020-06-28 00:30:29','空气设备',0),(119,'865501043292912',NULL,NULL,'嘉兴博物馆',NULL,NULL,6,NULL,NULL,'','2020-06-06 18:41:38','','2020-06-24 11:30:05','空气设备',0),(120,'865501043256842',NULL,NULL,'第一医院 ',NULL,NULL,6,NULL,NULL,'','2020-06-06 18:41:39','','2020-06-24 11:30:05','空气设备',0),(121,'865501043166297',NULL,NULL,'名湖人家',NULL,NULL,6,NULL,NULL,'','2020-06-06 18:41:39','','2020-06-23 10:30:10','空气设备',1),(122,'862810047214803',NULL,NULL,'智慧园区1',NULL,NULL,6,NULL,NULL,'','2020-06-06 18:41:39','','2020-06-28 00:30:29','空气设备',0),(123,'862810047121941',NULL,NULL,'智慧园区5',NULL,NULL,6,NULL,NULL,'','2020-06-06 18:41:39','','2020-06-28 00:30:29','空气设备',0),(124,'862810047119721',NULL,NULL,'智慧园区3',NULL,NULL,6,NULL,NULL,'','2020-06-06 18:41:40','','2020-06-23 10:30:10','空气设备',1),(125,'862810046879416',NULL,NULL,'智慧园区4',NULL,NULL,6,NULL,NULL,'','2020-06-06 18:41:40','','2020-06-28 00:30:29','空气设备',0),(126,'862810047120018',NULL,NULL,'智慧园区8',NULL,NULL,6,NULL,NULL,'','2020-06-06 18:41:40','','2020-06-28 00:30:29','空气设备',0),(127,'862810047231013',NULL,NULL,'智慧园区2',NULL,NULL,6,NULL,NULL,'','2020-06-06 18:41:40','','2020-06-23 10:30:10','空气设备',1),(128,'862810047101836',NULL,NULL,'智慧园区7',NULL,NULL,6,NULL,NULL,'','2020-06-06 18:41:41','','2020-06-28 00:30:29','空气设备',0),(130,'862810047101844',NULL,NULL,'智慧园区10',NULL,NULL,6,NULL,NULL,'','2020-06-06 18:41:41','','2020-06-28 00:30:30','空气设备',0),(131,'862810047157846',NULL,NULL,'智慧园区6',NULL,NULL,6,NULL,NULL,'','2020-06-06 18:41:41','','2020-06-28 00:30:30','空气设备',0),(132,'865501043141978',NULL,NULL,'绍兴电视台楼顶1',NULL,NULL,6,NULL,NULL,'','2020-06-06 18:41:42','','2020-06-28 00:30:30','空气设备',0),(133,'865501043300459',NULL,NULL,'绍兴电视台楼顶2',NULL,NULL,6,NULL,NULL,'','2020-06-06 18:41:42','','2020-06-28 00:30:30','空气设备',0),(134,'865501043325464',NULL,NULL,'中心小学小学1',NULL,NULL,6,NULL,NULL,'','2020-06-06 18:41:42','','2020-06-28 00:30:30','空气设备',0),(135,'865501043282681',NULL,NULL,'绍兴电视台楼顶3',NULL,NULL,6,NULL,NULL,'','2020-06-06 18:41:42','','2020-06-28 00:30:30','空气设备',0),(136,'865501043343772',NULL,NULL,'绍兴电视台楼顶4',NULL,NULL,6,NULL,NULL,'','2020-06-06 18:41:43','','2020-06-28 00:30:30','空气设备',0),(137,'865501043074534',NULL,NULL,'中心小学小学2',NULL,NULL,6,NULL,NULL,'','2020-06-06 18:41:43','','2020-06-23 10:30:11','空气设备',0),(138,'865501043114744',NULL,NULL,'空气仓测试',NULL,NULL,6,NULL,NULL,'','2020-06-06 18:41:43','','2020-06-23 10:30:11','空气设备',1),(139,'865501043292052',NULL,NULL,'空气仓测试',NULL,NULL,6,NULL,NULL,'','2020-06-06 18:41:43','','2020-06-28 00:30:30','空气设备',0),(141,'865501043227058',NULL,NULL,'空气仓测试',NULL,NULL,6,NULL,NULL,'','2020-06-06 18:41:44','','2020-06-28 00:30:30','空气设备',0),(142,'865501043069518',NULL,NULL,'空气仓测试',NULL,NULL,6,NULL,NULL,'','2020-06-06 18:41:44','','2020-06-28 00:30:30','空气设备',0),(143,'865501043142190',NULL,NULL,'空气仓测试',NULL,NULL,6,NULL,NULL,'','2020-06-06 18:41:44','','2020-06-23 10:30:12','空气设备',1),(144,'865501043143396',NULL,NULL,'空气仓测试',NULL,NULL,6,NULL,NULL,'','2020-06-06 18:41:45','','2020-06-23 10:30:12','空气设备',1),(145,'865501043105684',NULL,NULL,'空气仓测试',NULL,NULL,6,NULL,NULL,'','2020-06-06 18:41:45','','2020-06-23 10:30:12','空气设备',1),(146,'865501043342832',NULL,NULL,'空气仓测试',NULL,NULL,6,NULL,NULL,'','2020-06-06 18:41:45','','2020-06-23 10:30:12','空气设备',1),(147,'865501043281055',NULL,NULL,'空气仓测试',NULL,NULL,6,NULL,NULL,'','2020-06-06 18:41:45','','2020-06-23 10:30:12','空气设备',1),(148,'865501043280420',NULL,NULL,'空气仓测试',NULL,NULL,6,NULL,NULL,'','2020-06-06 18:41:46','','2020-06-23 10:30:13','空气设备',1),(149,'862810047092902',NULL,NULL,'空气仓测试',NULL,NULL,6,NULL,NULL,'','2020-06-06 18:41:46','','2020-06-23 10:30:13','空气设备',1),(150,'862810047162622',NULL,NULL,'空气仓测试',NULL,NULL,6,NULL,NULL,'','2020-06-06 18:41:46','','2020-06-23 10:30:13','空气设备',1),(151,'865501043135368',NULL,NULL,'空气仓测试',NULL,NULL,6,NULL,NULL,'','2020-06-06 18:41:46','','2020-06-23 10:30:13','空气设备',1),(152,'868221043220378',NULL,NULL,'杭州塘大桥',NULL,NULL,7,NULL,NULL,'','2020-06-06 18:47:25','','2020-06-23 10:30:13','水质设备',1),(153,'868221043217663',NULL,NULL,'蚂蝗塘桥',NULL,NULL,7,NULL,NULL,'','2020-06-06 18:47:25','','2020-06-28 00:30:30','水质设备',0),(154,'868221043217143',NULL,NULL,'潘家浜',NULL,NULL,7,NULL,NULL,'','2020-06-06 18:47:25','','2020-06-28 00:30:30','水质设备',0),(155,'868221043840092',NULL,NULL,'新塍大桥',NULL,NULL,7,NULL,NULL,'','2020-06-06 18:47:26','','2020-06-28 00:30:30','水质设备',1),(156,'868221043217101',NULL,NULL,'新农港四号桥',NULL,NULL,7,NULL,NULL,'','2020-06-06 18:47:26','','2020-06-28 00:30:31','水质设备',0),(157,'868221043226334',NULL,NULL,'徐王庙',NULL,NULL,7,NULL,NULL,'','2020-06-06 18:47:26','','2020-06-28 00:30:31','水质设备',0),(158,'868221043220444',NULL,NULL,'渔家汇',NULL,NULL,7,NULL,NULL,'','2020-06-06 18:47:26','','2020-06-07 10:13:11','水质设备',1),(159,'868221043220352',NULL,NULL,'庆丰桥',NULL,NULL,7,NULL,NULL,'','2020-06-06 18:47:27','','2020-06-28 00:30:31','水质设备',0),(160,'868221043839490',NULL,NULL,'北虹大桥',NULL,NULL,7,NULL,NULL,'','2020-06-06 18:47:27','','2020-06-26 02:00:07','水质设备',0),(161,'868221043219479',NULL,NULL,'秀洲大桥',NULL,NULL,7,NULL,NULL,'','2020-06-06 18:47:27','','2020-06-28 00:30:31','水质设备',0),(162,'868221043220196',NULL,NULL,'1号楼东侧',NULL,NULL,7,NULL,NULL,'','2020-06-06 18:47:27','','2020-06-28 00:30:31','水质设备',0),(163,'868221043200016',NULL,NULL,'园区西北角',NULL,NULL,7,NULL,NULL,'','2020-06-06 18:47:28','','2020-06-25 06:00:07','水质设备',0),(164,'868221043220493',NULL,NULL,'四号楼东',NULL,NULL,7,NULL,NULL,'','2020-06-06 18:47:28','','2020-06-28 00:30:31','水质设备',0),(165,'865501043092023A',NULL,NULL,'1',NULL,NULL,0,NULL,NULL,'','2020-06-06 18:50:01','','2020-06-10 13:56:32','无棣管网设备/压力计',0),(166,'865501043299511A',NULL,NULL,'2',NULL,NULL,0,NULL,NULL,'','2020-06-06 18:50:02','','2020-06-10 13:56:15','无棣管网设备/压力计',0),(167,'865501043067520A',NULL,NULL,'3',NULL,NULL,0,NULL,NULL,'','2020-06-06 18:50:02','','2020-06-10 13:56:14','无棣管网设备/压力计',0),(168,'865501043066381A',NULL,NULL,'4',NULL,NULL,0,NULL,NULL,'','2020-06-06 18:50:02','','2020-06-10 13:56:11','无棣管网设备/压力计',0),(169,'865501043298661A',NULL,NULL,'5',NULL,NULL,0,NULL,NULL,'','2020-06-06 18:50:02','','2020-06-10 13:56:09','无棣管网设备/压力计',0),(170,'865501043139873A',NULL,NULL,'6',NULL,NULL,0,NULL,NULL,'','2020-06-06 18:50:03','','2020-06-10 13:56:07','无棣管网设备/压力计',0),(171,'865501043298869A',NULL,NULL,'7',NULL,NULL,0,NULL,NULL,'','2020-06-06 18:50:03','','2020-06-10 13:56:06','无棣管网设备/压力计',0),(172,'865501043137851B',NULL,NULL,'8',NULL,NULL,0,NULL,NULL,'','2020-06-06 18:50:03','','2020-06-10 13:56:04','无棣管网设备/压力计',0),(173,'865501043298620B',NULL,NULL,'9',NULL,NULL,0,NULL,NULL,'','2020-06-06 18:50:03','','2020-06-10 13:56:02','无棣管网设备/压力计',0),(174,'865501043218404B',NULL,NULL,'10',NULL,NULL,0,NULL,NULL,'','2020-06-06 18:50:04','','2020-06-10 13:56:01','无棣管网设备/压力计',0),(176,'865501043075556A',NULL,NULL,'12',NULL,NULL,0,NULL,NULL,'','2020-06-06 18:50:04','','2020-06-10 13:55:59','无棣管网设备/压力计',0),(177,'Y1721001',NULL,NULL,'石榴坊21幢旁 压力 太阳能',NULL,NULL,0,NULL,NULL,'','2020-06-06 18:50:04','','2020-06-10 13:55:53','三水湾设备/压力计',0),(178,'Y1721002',NULL,NULL,'锦州园大门口 压力',NULL,NULL,0,NULL,NULL,'','2020-06-06 18:50:05','','2020-06-10 13:55:51','三水湾设备/压力计',0),(179,'Y1721003',NULL,NULL,'铁树坊 压力 太阳能',NULL,NULL,0,NULL,NULL,'','2020-06-06 18:50:05','','2020-06-10 13:55:50','三水湾设备/压力计',0),(180,'Y1721004',NULL,NULL,'冶金二村压力',NULL,NULL,0,NULL,NULL,'','2020-06-06 18:50:05','','2020-06-10 13:55:49','三水湾设备/压力计',0),(181,'Y1721005',NULL,NULL,'二毛三村 压力',NULL,NULL,0,NULL,NULL,'','2020-06-06 18:50:05','','2020-06-10 13:55:48','三水湾设备/压力计',0),(182,'Y1721006',NULL,NULL,'枫杨坊压力',NULL,NULL,0,NULL,NULL,'','2020-06-06 18:50:06','','2020-06-10 13:55:47','三水湾设备/压力计',0),(183,'Y1721007',NULL,NULL,'天风阁 压力 太阳能',NULL,NULL,0,NULL,NULL,'','2020-06-06 18:50:06','','2020-06-10 13:55:46','三水湾设备/压力计',0),(184,'Y1721009',NULL,NULL,'桂林坊3幢 压力',NULL,NULL,0,NULL,NULL,'','2020-06-06 18:50:06','','2020-06-10 13:55:42','三水湾设备/压力计',0),(185,'Y1721010',NULL,NULL,'杜鹃坊10幢 压力',NULL,NULL,0,NULL,NULL,'','2020-06-06 18:50:06','','2020-06-10 13:55:40','三水湾设备/压力计',0),(186,'Y1721011',NULL,NULL,'牡丹坊21幢 压力',NULL,NULL,0,NULL,NULL,'','2020-06-06 18:50:07','','2020-06-10 13:55:38','三水湾设备/压力计',0),(187,'Y1721012',NULL,NULL,'泾水桥压力 太阳能',NULL,NULL,0,NULL,NULL,'','2020-06-06 18:50:07','','2020-06-10 13:55:37','三水湾设备/压力计',0),(188,'Y1721013',NULL,NULL,'东塔桥压力太阳能',NULL,NULL,0,NULL,NULL,'','2020-06-06 18:50:07','','2020-06-10 13:55:35','三水湾设备/压力计',0),(189,'L1721001',NULL,NULL,'三水湾医院小水表',NULL,NULL,2,NULL,NULL,'','2020-06-06 18:50:07','','2020-06-10 13:55:34','三水湾设备/水表计',0),(190,'L1721002',NULL,NULL,'三水湾医院大水表',NULL,NULL,2,NULL,NULL,'','2020-06-06 18:50:08','','2020-06-10 13:55:31','三水湾设备/水表计',0),(191,'S1721001',NULL,NULL,'泾水桥流量  太阳能',NULL,NULL,10,NULL,NULL,'','2020-06-06 18:50:08','','2020-06-24 09:39:18','三水湾设备/流量计',0),(192,'S1721002',NULL,NULL,'东塔桥流量 太阳能',NULL,NULL,10,NULL,NULL,'','2020-06-06 18:50:08','','2020-06-24 09:39:25','三水湾设备/流量计',0),(193,'865501043158113',NULL,NULL,'10#南园区水电表二期一标',NULL,NULL,9,NULL,NULL,'','2020-06-06 18:51:38','','2020-06-23 10:30:15','水电集抄设备',1),(194,'865501043215970',NULL,NULL,'10#北园区水电表二期一标',NULL,NULL,9,NULL,NULL,'','2020-06-06 18:51:39','','2020-06-23 10:30:15','水电集抄设备',1),(195,'865501043084723',NULL,NULL,'11#园区水电表二期一标',NULL,NULL,9,NULL,NULL,'','2020-06-06 18:51:39','','2020-06-23 10:30:16','水电集抄设备',1),(196,'865501043231142',NULL,NULL,'15#园区水电表二期一标',NULL,NULL,9,NULL,NULL,'','2020-06-06 18:51:39','','2020-06-23 10:30:16','水电集抄设备',1),(197,'865501043282541',NULL,NULL,'23#宿舍园区水电表二期一标',NULL,NULL,9,NULL,NULL,'','2020-06-06 18:51:39','','2020-06-23 10:30:16','水电集抄设备',1),(198,'865501043237545',NULL,NULL,'23#食堂园区水电表二期一标',NULL,NULL,9,NULL,NULL,'','2020-06-06 18:51:40','','2020-06-23 10:30:16','水电集抄设备',1),(199,'865501043066605',NULL,NULL,'24#园区水电表二期一标',NULL,NULL,9,NULL,NULL,'','2020-06-06 18:51:40','','2020-06-23 10:30:16','水电集抄设备',1),(200,'865501043330084',NULL,NULL,'12#园区水电表二期二标',NULL,NULL,9,NULL,NULL,'','2020-06-06 18:51:40','','2020-06-23 10:30:16','水电集抄设备',1),(201,'865501043064204',NULL,NULL,'13#园区水电表二期二标',NULL,NULL,9,NULL,NULL,'','2020-06-06 18:51:40','','2020-06-23 10:30:17','水电集抄设备',1),(202,'865501043092668',NULL,NULL,'14#园区水电表二期二标',NULL,NULL,9,NULL,NULL,'','2020-06-06 18:51:41','','2020-06-23 10:30:17','水电集抄设备',1),(203,'865501043114819',NULL,NULL,'16#园区水电表二期二标',NULL,NULL,9,NULL,NULL,'','2020-06-06 18:51:41','','2020-06-23 10:30:17','水电集抄设备',1),(204,'865501043070334',NULL,NULL,'17#园区水电表二期二标',NULL,NULL,9,NULL,NULL,'','2020-06-06 18:51:41','','2020-06-23 10:30:17','水电集抄设备',1),(205,'865501043337394',NULL,NULL,'18#园区水电表二期二标',NULL,NULL,9,NULL,NULL,'','2020-06-06 18:51:41','','2020-06-23 10:30:17','水电集抄设备',1),(206,'865501043303339',NULL,NULL,'19#园区水电表二期二标',NULL,NULL,9,NULL,NULL,'','2020-06-06 18:51:42','','2020-06-23 10:30:18','水电集抄设备',1),(207,'865501043281279',NULL,NULL,'20#园区水电表二期二标',NULL,NULL,9,NULL,NULL,'','2020-06-06 18:51:42','','2020-06-23 10:30:18','水电集抄设备',1),(208,'865501043299511B',NULL,NULL,'2',NULL,NULL,0,NULL,NULL,'','2020-06-09 11:57:33','','2020-06-10 13:54:23','无棣管网设备/压力计',0),(209,'865501043067520B',NULL,NULL,'3',NULL,NULL,0,NULL,NULL,'','2020-06-09 11:57:37','','2020-06-23 10:58:48','无棣管网设备/压力计',0),(210,'865501043066381B',NULL,NULL,'4',NULL,NULL,0,NULL,NULL,'','2020-06-09 11:57:39','','2020-06-10 13:55:08','无棣管网设备/压力计',0),(211,'865501043298661B',NULL,NULL,'5',NULL,NULL,0,NULL,NULL,'','2020-06-09 11:57:41','','2020-06-10 13:55:09','无棣管网设备/压力计',0),(212,'865501043139873B',NULL,NULL,'6',NULL,NULL,0,NULL,NULL,'','2020-06-09 11:57:44','','2020-06-10 13:55:09','无棣管网设备/压力计',0),(263,'862810047123632',NULL,NULL,'空气仓测试',NULL,NULL,6,NULL,NULL,'admin','2020-06-28 10:55:11','','2020-06-28 11:00:05','空气设备',1);

/*Table structure for table `device_install_info` */

DROP TABLE IF EXISTS `device_install_info`;

CREATE TABLE `device_install_info` (
  `id` int(11) unsigned NOT NULL AUTO_INCREMENT COMMENT 'ID',
  `device_id` int(11) DEFAULT NULL COMMENT '设备ID',
  `device_sn` varchar(32) DEFAULT NULL COMMENT '设备编码',
  `install_date` date DEFAULT NULL COMMENT '安装日期',
  `latitude` decimal(16,12) DEFAULT NULL COMMENT '纬度',
  `longitude` decimal(16,12) DEFAULT NULL COMMENT '经度',
  `install_address` varchar(100) DEFAULT NULL COMMENT '安装地址',
  `create_time` timestamp NOT NULL DEFAULT CURRENT_TIMESTAMP COMMENT '创建时间',
  `update_time` timestamp NULL DEFAULT NULL ON UPDATE CURRENT_TIMESTAMP COMMENT '更新时间',
  `pic_url` varchar(500) DEFAULT NULL COMMENT '图片',
  PRIMARY KEY (`id`)
) ENGINE=InnoDB AUTO_INCREMENT=80 DEFAULT CHARSET=utf8mb4 COMMENT='设备安装信息';

/*Data for the table `device_install_info` */

insert  into `device_install_info`(`id`,`device_id`,`device_sn`,`install_date`,`latitude`,`longitude`,`install_address`,`create_time`,`update_time`,`pic_url`) values (1,1,'4141300100366','2019-11-12','120.795394000000','30.736796000000','浙江省嘉兴市南湖区东栅街道广益路高中园区\r\n','2020-05-14 10:07:38','2020-05-27 14:15:30',''),(2,2,'4141300100350','2019-11-11','120.729996000000','30.759540000000','浙江省嘉兴市南湖区新兴街道浙江中医药大学附属嘉兴中医院嘉兴市中医医院\r\n','2020-05-14 10:12:37','2020-05-27 15:48:09',''),(3,3,'4141300100394','2019-11-13','120.723099000000','30.769868000000','浙江省嘉兴市秀洲区嘉北街道洪波路1246号米兰风景\r\n','2020-05-15 09:53:58','2020-05-27 13:51:59',NULL),(4,6,'4141300100333','2019-11-19','117.733863000000','38.089326000000','久利恩大厦\r\n','2020-05-14 10:12:37','2020-05-27 13:52:02',NULL),(5,7,'4141300100363','2019-11-19','120.728883000000','30.766732000000','浙江省嘉兴市秀洲区嘉北街道天河街83号建明公寓\r\n','2020-05-14 10:12:37','2020-05-27 13:52:05',NULL),(6,8,'4141300100329','2019-11-19','120.771312000000','30.740156000000','浙江省嘉兴市南湖区南湖街道纺工路嘉兴一中\r\n','2020-05-15 10:12:37','2020-05-27 13:52:07',NULL),(7,9,'4141300100348','2019-11-20','120.718411000000','30.768570000000','浙江省嘉兴市秀洲区嘉北街道洪殷路341号嘉兴高级中学\r\n','2020-05-15 11:15:25','2020-05-27 13:52:10',NULL),(8,10,'170201768','2019-11-20','120.721799000000','30.770477000000','浙江省嘉兴市秀洲区嘉北街道洪波路米兰风景\r\n','2020-05-15 11:15:25','2020-05-27 13:52:13',NULL),(9,11,'1311291600929','2019-11-20','120.729623000000','30.770569000000','浙江省嘉兴市秀洲区嘉北街道洪波路友谊小学\r\n','2020-05-15 11:15:25','2020-05-27 14:22:13','/show/wudi/009757ae-3483-44bc-b009-a02a4e9b3832,/show/wudi/b885dece-902a-4611-a111-d023d87bd285,'),(10,12,'170401853','2019-11-20','120.731026000000','30.759411000000','浙江省嘉兴市南湖区新兴街道嘉兴市中医医院眼科中心嘉兴市中医医院\r\n','2020-05-15 11:15:25','2020-05-27 13:52:19',NULL),(12,17,'865501043148270A','2019-11-13','117.732833600000','38.070125624120','浙江省嘉兴市海宁\r\n','2020-05-15 11:15:26','2020-05-27 13:52:24',NULL),(13,20,'865501043066381B','2019-11-13','120.769005000000','30.699661000000','浙江省嘉兴市海宁市袁花镇G15W常台高速\r\n','2020-05-15 11:15:26','2020-05-27 13:53:27',NULL),(14,21,'865501043298620B','2019-11-13','120.736933000000','30.760095000000','浙江省嘉兴市南湖区新兴街道中山东路建委大楼\r\n','2020-05-15 11:15:27','2020-05-27 14:20:20','/show/wudi/f1f10b76-5cc4-451e-b712-e5ae41108a44,'),(15,23,'865501043137851B','2019-11-13','120.717533000000','30.767225000000','浙江省嘉兴市秀洲区嘉北街道洪殷路400号皇马公寓\r\n','2020-05-15 11:15:27','2020-05-27 14:22:57','/show/wudi/f0048eba-bf14-4522-b87b-72138bc9d642,/show/wudi/b6c19869-f063-4b07-96ca-bc149bf92a97,/show/wudi/5e27bc29-0ee5-496b-896f-357311ae29e8,/show/wudi/07ad4263-cb0a-4e35-91cb-cdada2e1a2ca,/show/wudi/db7ee8e8-107c-4475-877a-4838e676cf6a,'),(16,24,'865501043298869A','2019-11-13','120.781154000000','30.702318000000','浙江省嘉兴市南湖区长水街道纺工路大树英格澜\r\n','2020-05-15 11:15:27','2020-05-27 13:53:37',NULL),(17,25,'865501043298869B','2019-11-13','120.732169000000','30.761103000000','浙江省嘉兴市秀洲区嘉北街道瑞鑫大厦金属大楼(凯旋路)\r\n','2020-05-15 11:15:28','2020-05-27 13:53:39',NULL),(18,26,'865501043092023A','2019-11-13','120.771129000000','30.734111000000','浙江省嘉兴市南湖区长水街道纺工路中央公园\r\n','2020-05-15 11:15:28','2020-05-27 13:53:42',NULL),(19,27,'865501043067520A','2019-11-13','120.756603000000','30.762885000000','浙江省嘉兴市南湖区建设街道中山东路嘉欣丝绸大楼\r\n','2020-05-15 11:15:28','2020-05-27 13:53:47',NULL),(20,28,'865501043075556A','2019-11-13','120.721731000000','30.770488000000','浙江省嘉兴市秀洲区嘉北街道洪波路米兰风景\r\n','2020-05-15 11:15:28','2020-05-27 13:53:50',NULL),(21,33,'865501043218404B','2019-11-13','120.773810000000','30.715965000000','浙江省嘉兴市南湖区长水街道纺工路嘉兴植物园\r\n','2020-05-15 11:15:29','2020-05-27 13:53:53',NULL),(22,34,'865501043139873A','2019-11-13','120.728883000000','30.766732000000','浙江省嘉兴市秀洲区嘉北街道天河街83号建明公寓\r\n','2020-05-15 11:15:29','2020-05-27 13:53:56',NULL),(23,35,'865501043139873B','2019-11-13','120.720365000000','30.763265000000','浙江省嘉兴市秀洲区嘉北街道洪兴路1000号置地广场(洪兴路)\r\n','2020-05-15 11:15:29','2020-05-27 14:19:16',''),(24,36,'865501043299511A','2019-11-13','120.729181000000','30.761574000000','浙江省嘉兴市秀洲区嘉北街道凯旋路友谊公寓\r\n','2020-05-15 11:15:29','2020-05-27 13:54:02',NULL),(25,37,'865501043299511B','2019-11-13','120.731031000000','30.759323000000','浙江省嘉兴市南湖区新兴街道中山东路1441号嘉兴市中医医院\r\n','2020-05-15 11:15:30','2020-05-27 13:54:04',NULL),(26,38,'865501043066381A','2019-11-13','120.765821000000','30.750436000000','浙江省嘉兴市南湖区南湖街道海盐塘路嘉兴市南湖旅游区\r\n','2020-05-15 11:15:30','2020-05-27 13:54:37',NULL),(27,39,'865501043298661A','2019-11-13','120.729746000000','30.770571000000','浙江省嘉兴市秀洲区嘉北街道洪波路776号友谊小学\r\n','2020-05-15 11:15:30','2020-05-27 13:54:40',NULL),(28,40,'865501043298661B','2019-11-13','121.023103000000','30.698493000000','浙江省嘉兴市平湖市当湖街道人民东路132号湖滨花园(人民东路)\r\n','2020-05-15 11:15:30','2020-05-27 13:54:43',NULL),(29,41,'865501043067520B','2019-11-13','120.724157000000','30.763857000000','浙江省嘉兴市秀洲区嘉北街道洪兴路1054号\r\n','2020-05-15 11:15:31','2020-05-27 13:54:49',NULL),(30,42,'86550104306','2019-11-13','120.773310000000','30.698923000000','浙江省嘉兴市南湖区长水街道三环南路贯泾港湿地','2020-05-15 11:15:31','2020-05-27 14:11:23',NULL),(31,43,'865501043067','2019-11-13','120.769612000000','30.751919000000','浙江省嘉兴市南湖区南湖街道南溪西路950号南溪花园二期\r\n','2020-05-15 11:15:31','2020-05-27 14:11:27',NULL),(32,44,'86550','2019-11-13','120.772931000000','30.699446000000','浙江省嘉兴市南湖区长水街道三环南路贯泾港湿地\r\n','2020-05-15 11:15:32','2020-05-27 14:11:30',NULL),(33,45,'865501043132','2020-03-11','120.770540000000','30.742419000000','浙江省嘉兴市南湖区南湖街道纺工路赞成·学仕苑\r\n','2020-05-15 11:15:32','2020-05-27 14:11:33',NULL),(34,46,'678555555678','2020-03-18','120.772299000000','30.761376000000','浙江省嘉兴市南湖区南湖街道滨河路320号\r\n','2020-05-15 11:15:32','2020-05-27 14:11:36',NULL),(35,47,'89474414','2020-03-05','120.774929000000','30.761560000000','浙江省嘉兴市南湖区南湖街道东塔路民丰三村\r\n','2020-05-15 11:15:33','2020-05-27 14:11:40',NULL),(36,48,'Y1721006','2019-11-12','120.772411000000','30.758547000000','浙江省嘉兴市南湖区南湖街道天枫路枫杨社区枫杨坊\r\n','2020-05-15 11:15:33','2020-05-27 14:11:43',NULL),(37,49,'Y1721009','2019-11-12','120.774596000000','30.760219000000','浙江省嘉兴市南湖区南湖街道东塔路80号枫杨社区桂林坊\r\n','2020-05-15 11:15:33','2020-05-27 14:11:46',NULL),(38,50,'Y1721005','2019-11-12','120.772756000000','30.760150000000','浙江省嘉兴市南湖区南湖街道枫杨社区桂林坊\r\n','2020-05-15 11:15:34','2020-05-27 14:11:50',NULL),(39,51,'Y1721010','2019-11-12','120.775127000000','30.754685000000','浙江省嘉兴市南湖区南湖街道农翔社区\r\n','2020-05-15 11:15:34','2020-05-27 14:11:55',NULL),(40,52,'Y1721011','2019-11-12','120.774307000000','30.755518000000','浙江省嘉兴市南湖区南湖街道泾水路223号农翔社区\r\n','2020-05-15 11:15:34','2020-05-27 14:12:00',NULL),(41,53,'Y1721003','2019-11-12','120.771516000000','30.757919000000','浙江省嘉兴市南湖区南湖街道锦洲园\r\n','2020-05-15 11:15:34','2020-05-27 14:12:03',NULL),(42,54,'Y1721001','2019-11-12','120.772523000000','30.754865000000','浙江省嘉兴市南湖区南湖街道石榴坊\r\n','2020-05-15 11:15:35','2020-05-27 14:12:06',NULL),(43,55,'Y1721002','2019-11-12','121.103638000000','41.101014000000','辽宁省锦州市太和区新民乡西宁街逸轩园\r\n','2020-05-15 11:15:35','2020-05-27 14:12:12',NULL),(44,56,'Y1721008','2019-11-12','120.773330000000','30.759846000000','浙江省嘉兴市南湖区南湖街道枫杨路枫杨社区桂林坊\r\n','2020-05-15 11:15:35','2020-05-27 14:12:15',NULL),(45,57,'Y1721004','2019-11-12','120.776451000000','30.760168000000','浙江省嘉兴市南湖区南湖街道冶金三村冶金三村北区\r\n','2020-05-15 11:15:36','2020-05-27 14:12:19',NULL),(46,58,'Y1721007','2019-11-12','120.775284000000','30.757117000000','浙江省嘉兴市南湖区南湖街道牡丹坊.天风阁\r\n','2020-05-15 11:15:36','2020-05-27 14:12:23',NULL),(47,59,'Y1721013','2019-11-12','120.775265000000','30.761479000000','浙江省嘉兴市南湖区南湖街道东塔路民丰三村\r\n','2020-05-15 11:15:36','2020-05-27 14:12:26',NULL),(48,60,'S1721002','2019-11-12','120.775291000000','30.760922000000','浙江省嘉兴市南湖区南湖街道东塔路桂苑社区北区\r\n','2020-05-15 11:15:36','2020-05-27 14:12:29',NULL),(49,61,'Y1721012','2019-11-12','120.772643000000','30.756223000000','浙江省嘉兴市南湖区南湖街道南湖路91号嘉兴市南湖区中心医院\r\n','2020-05-15 11:15:37','2020-05-27 14:12:34',NULL),(50,62,'S1721001','2019-11-12','120.770409000000','30.755766000000','浙江省嘉兴市南湖区南湖街道景湖路\r\n','2020-05-15 11:15:37','2020-05-27 14:12:37',NULL),(51,63,'L1721001','2019-11-12','120.773103000000','30.755931000000','浙江省嘉兴市南湖区南湖街道泾水路147号嘉兴市南湖区中心医院\r\n','2020-05-15 11:15:37','2020-05-27 14:12:40',NULL),(52,64,'L1721002','2019-11-12','120.772314000000','30.756572000000','浙江省嘉兴市南湖区南湖街道天枫路5号嘉兴市南湖区中心医院\r\n','2020-05-15 11:15:38','2020-05-27 14:12:43',NULL),(53,65,'865501043068','2019-11-13','120.771909000000','30.755743000000','浙江省嘉兴市南湖区南湖街道景湖路铁树坊\r\n','2020-05-15 11:15:38','2020-05-27 14:12:46',NULL),(54,66,'865501043034','2019-11-13','120.775617000000','30.699893000000','浙江省嘉兴市南湖区长水街道嘉京大桥\r\n','2020-05-15 11:15:38','2020-05-27 14:12:50',NULL),(55,67,'865501043056','2019-11-13','120.769420000000','30.748266000000','浙江省嘉兴市南湖区南湖街道探花路\r\n','2020-05-15 11:15:38','2020-05-27 14:12:54',NULL),(56,68,'865501043067','2019-11-13','120.769420000000','30.748266000000','浙江省嘉兴市南湖区南湖街道探花路\r\n','2020-05-15 11:15:39','2020-05-27 14:12:57',NULL),(57,69,'865501043078','2019-11-13','120.778492000000','30.708030000000','浙江省嘉兴市南湖区长水街道纺工路\r\n','2020-05-15 11:15:39','2020-05-27 14:13:01',NULL),(58,70,'8655010430','2019-11-13','120.781528000000','30.700982000000','浙江省嘉兴市南湖区长水街道纺工路大树英格澜\r\n','2020-05-15 11:15:39','2020-05-27 14:13:05',NULL),(59,71,'865501043089','2019-11-13','120.780359000000','30.703528000000','浙江省嘉兴市南湖区长水街道纺工路\r\n','2020-05-15 11:15:40','2020-05-27 14:13:08',NULL),(60,72,'8655010430','2019-11-13','120.772628000000','30.738445000000','浙江省嘉兴市南湖区南湖街道中环南路58号嘉兴一中\r\n','2020-05-15 11:15:40','2020-05-27 14:13:13',NULL),(61,73,'8655010430','2019-11-13','120.775192000000','30.713913000000','浙江省嘉兴市南湖区长水街道纺工路\r\n','2020-05-15 11:15:40','2020-05-27 14:13:17',NULL),(64,76,'865501043123','2020-03-11','120.775389000000','30.759643000000','浙江省嘉兴市南湖区南湖街道东塔路265号东塔路社区\r\n','2020-05-15 11:15:41','2020-05-27 14:13:27',NULL),(65,77,'865501043109',NULL,'120.786419000000','30.729859000000','浙江省嘉兴市南湖区长水街道由拳路2719号\r\n','2020-05-15 11:15:41','2020-05-27 14:13:30',NULL),(66,78,'865501043124',NULL,'120.781033000000','30.727941000000','浙江省嘉兴市南湖区长水街道商务大道\r\n','2020-05-15 11:15:42','2020-05-27 14:13:33',NULL),(67,79,'865501043125',NULL,'120.771227000000','30.721596000000','浙江省嘉兴市南湖区东栅街道长水路嘉兴植物园\r\n','2020-05-15 11:15:42','2020-05-27 14:13:37',NULL),(68,80,'865501043126',NULL,'120.777235000000','30.724123000000','浙江省嘉兴市南湖区东栅街道东方·普罗旺斯\r\n','2020-05-15 11:15:42','2020-05-27 14:13:40',NULL),(69,81,'865501043127',NULL,'120.788720000000','30.702696000000','浙江省嘉兴市南湖区长水街道商务大道\r\n','2020-05-15 11:15:43','2020-05-27 14:13:42',NULL),(70,82,'865501043128',NULL,'120.762214000000','30.761118000000','浙江省嘉兴市南湖区南湖街道滨河路中国人民武装警察部队海警总队医院\r\n','2020-05-15 11:15:43','2020-05-27 14:13:46',NULL),(71,83,'865501043129',NULL,'120.772814000000','30.716818000000','浙江省嘉兴市南湖区长水街道纺工路嘉兴植物园\r\n','2020-05-15 11:15:43','2020-05-27 14:13:49',NULL),(72,84,'865501043130',NULL,'120.771055000000','30.725635000000','浙江省嘉兴市南湖区东栅街道纺工路嘉兴电子商务产业园-6号园\r\n','2020-05-15 11:15:43','2020-05-27 14:13:53',NULL),(75,85,'865501043131',NULL,'120.770926000000','30.729656000000','浙江省嘉兴市南湖区长水街道纺工路中央公园-少儿公园\r\n','2020-05-27 11:33:26','2020-05-27 14:13:56',NULL);

/*Table structure for table `device_manufacturer` */

DROP TABLE IF EXISTS `device_manufacturer`;

CREATE TABLE `device_manufacturer` (
  `id` int(11) unsigned NOT NULL AUTO_INCREMENT COMMENT 'ID',
  `name` varchar(50) DEFAULT NULL COMMENT '厂家名称',
  `address` varchar(200) DEFAULT NULL COMMENT '地址',
  `contacts` varchar(20) DEFAULT NULL COMMENT '联系人',
  `phone` varchar(20) DEFAULT NULL COMMENT '联系电话',
  `website` varchar(500) DEFAULT NULL COMMENT '网站',
  `description` varchar(500) DEFAULT NULL COMMENT '厂家介绍',
  `create_by` varchar(64) CHARACTER SET utf8mb4 COLLATE utf8mb4_unicode_ci DEFAULT '' COMMENT '创建者',
  `create_time` datetime NOT NULL DEFAULT CURRENT_TIMESTAMP COMMENT '创建时间',
  `update_by` varchar(64) CHARACTER SET utf8mb4 COLLATE utf8mb4_unicode_ci DEFAULT '' COMMENT '更新者',
  `update_time` datetime DEFAULT NULL ON UPDATE CURRENT_TIMESTAMP COMMENT '更新时间',
  `remark` varchar(500) CHARACTER SET utf8mb4 COLLATE utf8mb4_unicode_ci DEFAULT '' COMMENT '备注信息',
  PRIMARY KEY (`id`)
) ENGINE=InnoDB AUTO_INCREMENT=78 DEFAULT CHARSET=utf8mb4 COMMENT='设备厂家信息';

/*Data for the table `device_manufacturer` */

insert  into `device_manufacturer`(`id`,`name`,`address`,`contacts`,`phone`,`website`,`description`,`create_by`,`create_time`,`update_by`,`update_time`,`remark`) values (1,'德龙制造公司',NULL,NULL,NULL,NULL,NULL,'','2020-05-27 14:30:55','',NULL,''),(2,'德龙制造公司\r\n',NULL,'克超','15620903045\r\n',NULL,NULL,'','2020-05-27 14:30:55','','2020-05-27 14:42:43',''),(3,'德龙制造公司\r\n',NULL,'克超\r\n','15620903045\r\n',NULL,NULL,'','2020-05-27 14:30:56','','2020-05-27 14:42:45',''),(4,'德龙制造公司\r\n',NULL,'克超','15620903045\r\n',NULL,NULL,'','2020-05-27 14:30:57','','2020-05-27 14:42:46',''),(5,'德龙制造公司\r\n',NULL,'克超\r\n','15620903045\r\n',NULL,NULL,'','2020-05-27 14:30:58','','2020-05-27 14:42:46',''),(6,'德龙制造公司\r\n',NULL,'克超\r\n','15620903045\r\n',NULL,NULL,'','2020-05-27 14:30:59','','2020-05-27 14:42:47',''),(7,'德龙制造公司\r\n',NULL,'克超\r\n','15620903045\r\n',NULL,NULL,'','2020-05-27 14:30:59','','2020-05-27 14:42:52',''),(8,'德龙制造公司\r\n',NULL,NULL,NULL,NULL,NULL,'','2020-05-27 14:31:00','',NULL,''),(9,'德龙制造公司\r\n',NULL,NULL,NULL,NULL,NULL,'','2020-05-27 14:31:01','',NULL,''),(10,'德龙制造公司\r\n',NULL,NULL,NULL,NULL,NULL,'','2020-05-27 14:31:03','',NULL,''),(11,'德龙制造公司\r\n',NULL,NULL,'15620903045\r\n',NULL,NULL,'','2020-05-27 14:31:04','','2020-05-27 14:44:59',''),(12,'德龙制造公司\r\n',NULL,'克超\r\n','15620903045\r\n',NULL,NULL,'','2020-05-27 14:31:05','','2020-05-27 14:42:28',''),(13,'德龙制造公司\r\n',NULL,'克超',NULL,NULL,NULL,'','2020-05-27 14:31:05','','2020-05-27 14:44:55',''),(14,'德龙制造公司\r\n',NULL,NULL,NULL,NULL,NULL,'','2020-05-27 14:31:06','',NULL,''),(15,'德龙制造公司\r\n',NULL,NULL,NULL,NULL,NULL,'','2020-05-27 14:31:07','',NULL,''),(16,'德龙制造公司\r\n',NULL,NULL,NULL,NULL,NULL,'','2020-05-27 14:31:08','',NULL,''),(17,'德龙制造公司\r\n',NULL,NULL,NULL,NULL,NULL,'','2020-05-27 14:31:09','','2020-05-27 14:44:38',''),(18,'德龙制造公司\r\n',NULL,'克超','15620903045\r\n',NULL,NULL,'','2020-05-27 14:31:11','','2020-05-27 14:42:25',''),(19,'德龙制造公司\r\n',NULL,NULL,NULL,NULL,NULL,'','2020-05-27 14:31:12','',NULL,''),(20,'德龙制造公司\r\n',NULL,NULL,NULL,NULL,NULL,'','2020-05-27 14:31:13','',NULL,''),(21,'德龙制造公司\r\n',NULL,NULL,NULL,NULL,NULL,'','2020-05-27 14:31:14','','2020-05-27 14:44:40',''),(22,'德龙制造公司\r\n',NULL,'克超\r\n','15620903045\r\n',NULL,NULL,'','2020-05-27 14:31:15','','2020-05-27 14:42:23',''),(23,'德龙制造公司\r\n',NULL,'克超\r\n','15620903045\r\n',NULL,NULL,'','2020-05-27 14:31:17','','2020-05-27 14:42:22',''),(24,'德龙制造公司\r\n',NULL,'克超','15620903045\r\n',NULL,NULL,'','2020-05-27 14:31:19','','2020-05-27 14:42:21',''),(25,'德龙制造公司\r\n',NULL,'克超','15620903045\r\n',NULL,NULL,'','2020-05-27 14:31:19','','2020-05-27 14:42:20',''),(26,'德龙制造公司\r\n',NULL,NULL,NULL,NULL,NULL,'','2020-05-27 14:31:21','',NULL,''),(27,'德龙制造公司\r\n',NULL,NULL,NULL,NULL,NULL,'','2020-05-27 14:31:22','',NULL,''),(28,'德龙制造公司\r\n',NULL,'',NULL,NULL,NULL,'','2020-05-27 14:31:23','','2020-05-27 14:38:24',''),(29,'德龙制造公司\r\n',NULL,'克超\r\n','15620903045\r\n',NULL,NULL,'','2020-05-27 14:31:24','','2020-05-27 14:42:19',''),(30,'德龙制造公司\r\n',NULL,'克超\r\n','15620903045\r\n',NULL,NULL,'','2020-05-27 14:31:25','','2020-05-27 14:42:17',''),(31,'德龙制造公司\r\n',NULL,'克超\r\n','15620903045\r\n',NULL,NULL,'','2020-05-27 14:31:26','','2020-05-27 14:42:17',''),(32,'德龙制造公司\r\n',NULL,'克超','15620903045\r\n',NULL,NULL,'','2020-05-27 14:31:27','','2020-05-27 14:42:16',''),(33,'德龙制造公司\r\n',NULL,NULL,NULL,NULL,NULL,'','2020-05-27 14:31:28','',NULL,''),(76,'嘉科信息\r\n','王运维\r\n',NULL,'13913951668\r\n',NULL,NULL,'','2020-05-27 14:41:12','','2020-05-27 14:41:48',''),(77,'嘉科信息\r\n','刘运维\r\n',NULL,'13913854457\r\n',NULL,NULL,'','2020-05-27 14:41:22','','2020-05-27 14:41:50','');

/*Table structure for table `device_metric` */

DROP TABLE IF EXISTS `device_metric`;

CREATE TABLE `device_metric` (
  `id` int(11) NOT NULL AUTO_INCREMENT,
  `equipment_type` varchar(256) NOT NULL COMMENT '设备类型',
  `type_id` int(11) DEFAULT NULL COMMENT '设备类型id(与device_type的 type相对应)',
  `description` varchar(512) DEFAULT NULL COMMENT '设备类型说明',
  `metric` varchar(256) NOT NULL DEFAULT 'mete.flow' COMMENT '度量标准',
  `create_time` datetime DEFAULT CURRENT_TIMESTAMP COMMENT '创建时间',
  PRIMARY KEY (`id`)
) ENGINE=InnoDB AUTO_INCREMENT=15 DEFAULT CHARSET=utf8mb4;

/*Data for the table `device_metric` */

insert  into `device_metric`(`id`,`equipment_type`,`type_id`,`description`,`metric`,`create_time`) values (1,'kqsb',6,'空气设备','mete.air','2020-06-05 11:29:34'),(2,'szsb',7,'水质设备','mete.water.quality','2020-06-05 11:32:59'),(5,'sdjcsb',9,'水电集抄设备','mete.energy','2020-06-05 11:34:16'),(11,'lsj',10,'流速计','mete.pitometer','2020-06-08 11:36:36'),(12,'ylj',0,'压力计','mete.pressure','2020-06-08 11:45:38'),(13,'llj',1,'流量计','mete.flow','2020-06-08 11:46:04'),(14,'llsb',2,'流量设备','mete.flow','2020-06-17 12:18:53');

/*Table structure for table `device_mqtt` */

DROP TABLE IF EXISTS `device_mqtt`;

CREATE TABLE `device_mqtt` (
  `id` int(10) NOT NULL AUTO_INCREMENT,
  `ver` varchar(55) DEFAULT NULL,
  `check_code` varchar(55) DEFAULT NULL,
  PRIMARY KEY (`id`)
) ENGINE=InnoDB DEFAULT CHARSET=utf8mb4;

/*Data for the table `device_mqtt` */

/*Table structure for table `device_power` */

DROP TABLE IF EXISTS `device_power`;

CREATE TABLE `device_power` (
  `id` int(11) unsigned NOT NULL AUTO_INCREMENT COMMENT 'ID',
  `device_id` int(11) DEFAULT NULL COMMENT '设备ID',
  `state_of_charge` float DEFAULT NULL COMMENT '剩余电量（%）',
  `voltage` int(11) DEFAULT NULL COMMENT '当前电压',
  `standard_voltage` int(11) DEFAULT NULL COMMENT '电池额定电压（伏）',
  `full_charge` int(11) DEFAULT NULL COMMENT '电池容量(毫安)',
  `update_time` timestamp NOT NULL DEFAULT CURRENT_TIMESTAMP ON UPDATE CURRENT_TIMESTAMP COMMENT '更新时间',
  PRIMARY KEY (`id`)
) ENGINE=InnoDB DEFAULT CHARSET=utf8mb4;

/*Data for the table `device_power` */

/*Table structure for table `device_state` */

DROP TABLE IF EXISTS `device_state`;

CREATE TABLE `device_state` (
  `id` int(11) NOT NULL AUTO_INCREMENT,
  `type_id` int(11) NOT NULL COMMENT '设备类型id',
  `status` int(11) NOT NULL COMMENT '0:在线1:离线',
  `create_time` timestamp NOT NULL DEFAULT CURRENT_TIMESTAMP COMMENT '创建时间',
  `update_time` timestamp NOT NULL DEFAULT CURRENT_TIMESTAMP COMMENT '更新时间',
  `remarks` varchar(255) DEFAULT NULL COMMENT '备注',
  PRIMARY KEY (`id`)
) ENGINE=InnoDB AUTO_INCREMENT=12 DEFAULT CHARSET=utf8mb4;

/*Data for the table `device_state` */

insert  into `device_state`(`id`,`type_id`,`status`,`create_time`,`update_time`,`remarks`) values (1,0,0,'2020-06-15 10:21:10','2020-06-15 10:21:10',NULL),(2,1,0,'2020-06-15 10:21:16','2020-06-15 10:21:16',NULL),(3,3,1,'2020-06-15 10:21:20','2020-06-15 10:21:20',NULL),(4,4,1,'2020-06-15 10:21:20','2020-06-15 10:21:20',NULL),(5,5,1,'2020-06-15 10:21:21','2020-06-15 10:21:21',NULL),(6,2,0,'2020-06-15 10:21:21','2020-06-18 03:08:14',NULL),(7,6,0,'2020-06-15 10:21:33','2020-06-15 10:21:33',NULL),(8,7,0,'2020-06-15 10:21:34','2020-06-15 10:21:34',NULL),(9,9,0,'2020-06-15 10:21:34','2020-06-15 10:21:34',NULL),(10,10,0,'2020-06-15 10:21:34','2020-06-15 10:21:34',NULL),(11,11,1,'2020-06-15 10:21:35','2020-06-15 10:21:35',NULL);

/*Table structure for table `device_status` */

DROP TABLE IF EXISTS `device_status`;

CREATE TABLE `device_status` (
  `id` int(11) NOT NULL AUTO_INCREMENT COMMENT 'id',
  `device_id` int(11) DEFAULT NULL COMMENT '设备id',
  `status` int(255) DEFAULT NULL COMMENT '0:在线1:离线2:警告',
  `update_time` datetime DEFAULT CURRENT_TIMESTAMP ON UPDATE CURRENT_TIMESTAMP COMMENT '更新时间',
  `remarks` varchar(255) DEFAULT NULL COMMENT '备注',
  PRIMARY KEY (`id`) USING BTREE
) ENGINE=InnoDB AUTO_INCREMENT=656 DEFAULT CHARSET=utf8mb4 ROW_FORMAT=COMPACT COMMENT='设备状态';

/*Data for the table `device_status` */

insert  into `device_status`(`id`,`device_id`,`status`,`update_time`,`remarks`) values (568,10,0,'2020-05-23 09:21:57','缺失部分数据'),(569,11,0,'2020-05-23 09:21:57','缺失部分数据'),(570,12,0,'2020-05-27 07:30:15','缺失部分数据'),(574,17,0,'2020-03-04 10:44:51','-'),(577,20,2,'2020-05-26 19:14:41','-'),(578,21,2,'2020-05-27 13:30:15','-'),(580,23,2,'2020-05-27 13:30:15','-'),(581,24,2,'2020-05-27 13:30:15','-'),(582,25,2,'2020-05-27 13:30:15','-'),(583,26,0,'2020-05-13 13:08:39','-'),(584,27,2,'2020-05-20 17:45:16','-'),(585,28,2,'2020-05-27 13:30:15','-'),(590,33,2,'2020-05-27 13:30:15','-'),(591,34,2,'2020-05-27 13:30:15','-'),(592,35,2,'2020-05-27 13:30:15','-'),(593,36,2,'2020-05-25 16:39:34','-'),(594,37,2,'2020-05-25 16:39:34','-'),(595,1,0,'2020-05-23 21:21:56','缺失部分数据'),(596,2,0,'2020-03-28 09:27:38','缺失部分数据'),(597,3,0,'2020-03-28 09:27:38','缺失部分数据'),(598,6,1,'2020-03-21 14:16:04','-'),(599,7,0,'2020-05-26 19:14:43','-'),(600,8,0,'2020-05-17 08:41:35','缺失部分数据'),(602,38,2,'2020-05-26 19:14:41','-'),(603,39,2,'2020-05-27 07:30:15','-'),(604,40,2,'2020-05-27 07:30:15','-'),(605,13,0,'2020-02-15 10:26:29',NULL),(606,9,0,'2020-05-23 21:21:56','缺失部分数据'),(608,41,2,'2020-05-12 01:37:47','-'),(609,42,0,'2020-03-09 15:45:23',NULL),(610,43,0,'2020-03-09 15:45:32',NULL),(611,44,0,'2020-03-09 15:45:35',NULL),(612,60,1,'2020-04-29 16:05:52','-'),(613,62,1,'2020-04-29 16:05:55','-'),(614,63,0,'2020-04-29 15:27:46','-'),(615,64,0,'2020-04-29 15:27:46','-'),(616,65,0,'2020-03-23 17:00:01',NULL),(617,66,0,'2020-03-23 17:00:01',NULL),(618,67,0,'2020-03-23 17:00:01',NULL),(619,68,0,'2020-03-23 17:00:01',NULL),(620,69,0,'2020-03-23 17:00:01',NULL),(621,70,0,'2020-03-23 17:00:01',NULL),(622,71,0,'2020-03-23 17:00:01',NULL),(623,72,0,'2020-03-23 17:00:01',NULL),(624,73,0,'2020-03-23 17:00:01',NULL),(625,74,0,'2020-03-24 08:51:54',NULL),(626,75,0,'2020-03-24 10:10:48',NULL),(627,76,0,'2020-03-24 11:01:07',NULL),(628,77,0,'2020-03-24 11:01:07',NULL),(629,78,0,'2020-03-24 11:01:07',NULL),(630,79,0,'2020-03-24 11:01:07',NULL),(631,80,0,'2020-03-24 11:01:07',NULL),(632,81,0,'2020-03-24 11:01:07',NULL),(633,82,0,'2020-03-24 11:01:08',NULL),(634,83,0,'2020-03-24 11:01:08',NULL),(635,84,0,'2020-03-24 11:01:08',NULL),(636,85,0,'2020-03-24 11:01:08',NULL),(637,48,0,'2020-05-13 13:08:39','-'),(638,49,1,'2020-05-26 10:55:07','-'),(639,50,0,'2020-05-21 18:16:23','-'),(640,51,1,'2020-05-26 10:55:07','-'),(641,52,0,'2020-05-21 18:16:23','-'),(642,53,0,'2020-05-13 13:08:39','-'),(643,54,0,'2020-05-27 13:30:15','缺失部分数据'),(644,55,1,'2020-05-24 22:08:32','-'),(645,57,1,'2020-05-27 13:30:15','-'),(646,58,0,'2020-05-14 13:55:05','-'),(647,59,0,'2020-05-13 13:08:39','-'),(648,61,0,'2020-05-13 13:08:39','-'),(649,86,0,'2020-04-13 13:53:09',NULL),(650,45,1,'2020-05-26 19:14:42',NULL),(651,46,1,'2020-05-26 19:14:42',NULL),(652,47,1,'2020-05-26 19:14:42',NULL),(653,56,1,'2020-05-26 19:14:42',NULL),(654,87,1,'2020-05-26 19:14:42',NULL),(655,88,1,'2020-05-26 19:14:42',NULL);

/*Table structure for table `device_type` */

DROP TABLE IF EXISTS `device_type`;

CREATE TABLE `device_type` (
  `id` int(11) NOT NULL AUTO_INCREMENT COMMENT 'ID',
  `name` varchar(32) DEFAULT NULL COMMENT '类型名称',
  `type` tinyint(2) DEFAULT NULL COMMENT '类型值',
  `create_time` datetime DEFAULT CURRENT_TIMESTAMP COMMENT '创建时间',
  `image` varchar(65) DEFAULT NULL COMMENT '点位类型图片',
  PRIMARY KEY (`id`) USING BTREE
) ENGINE=InnoDB AUTO_INCREMENT=13 DEFAULT CHARSET=utf8mb4 ROW_FORMAT=COMPACT COMMENT='设备类型';

/*Data for the table `device_type` */

insert  into `device_type`(`id`,`name`,`type`,`create_time`,`image`) values (1,'压力计',0,'2020-05-14 10:13:05','../images/压力监测点.png'),(2,'流量计',1,'2020-05-14 10:14:01','../images/流量监测点.png'),(3,'大用户水表',3,'2020-05-15 17:35:22','../images/大用户水表.png'),(4,'消火栓',4,'2020-05-15 17:35:29','../images/消火栓.png'),(5,'水质检测仪',5,'2020-05-27 17:09:43','../images/水质检测仪.png'),(6,'水表',2,'2020-05-27 17:14:57','../images/水表.png'),(7,'空气设备',6,'2020-06-05 11:40:37',NULL),(8,'水质设备',7,'2020-06-05 11:41:07',NULL),(10,'水电集抄',9,'2020-06-05 11:41:33',NULL),(11,'流速计',10,'2020-06-07 09:00:12',NULL),(12,'用电空开',11,'2020-06-12 16:16:29',NULL);

/*Table structure for table `device_warning` */

DROP TABLE IF EXISTS `device_warning`;

CREATE TABLE `device_warning` (
  `id` int(11) unsigned NOT NULL AUTO_INCREMENT COMMENT 'ID',
  `device_id` int(11) DEFAULT NULL COMMENT '设备ID',
  `warning_type` int(11) DEFAULT NULL COMMENT '告警类型',
  `content` varchar(500) DEFAULT NULL COMMENT '告警详情',
  `create_time` timestamp NOT NULL DEFAULT CURRENT_TIMESTAMP COMMENT '创建时间',
  PRIMARY KEY (`id`)
) ENGINE=InnoDB AUTO_INCREMENT=1344 DEFAULT CHARSET=utf8mb4;

/*Data for the table `device_warning` */

insert  into `device_warning`(`id`,`device_id`,`warning_type`,`content`,`create_time`) values (636,20,2,'无数据','2020-02-17 08:12:09'),(637,38,2,'无数据','2020-02-17 08:12:09'),(638,24,0,'压力值过高','2020-02-17 11:35:50'),(639,25,0,'压力值过高','2020-02-17 11:35:50'),(640,34,0,'压力值过高','2020-02-17 11:35:51'),(641,35,0,'压力值过高','2020-02-17 11:35:51'),(642,36,0,'压力值过高','2020-02-17 11:35:51'),(643,23,0,'压力值过高','2020-02-18 11:35:57'),(644,24,0,'压力值过高','2020-02-18 11:35:57'),(645,25,0,'压力值过高','2020-02-18 11:35:57'),(646,34,0,'压力值过高','2020-02-18 11:35:57'),(647,35,0,'压力值过高','2020-02-18 11:35:57'),(648,36,0,'压力值过高','2020-02-18 11:35:57'),(649,21,0,'压力值过高','2020-02-19 11:36:01'),(650,23,0,'压力值过高','2020-02-19 11:36:01'),(651,24,0,'压力值过高','2020-02-19 11:36:01'),(652,25,0,'压力值过高','2020-02-19 11:36:01'),(653,33,0,'压力值过高','2020-02-19 11:36:01'),(654,34,0,'压力值过高','2020-02-19 11:36:01'),(655,35,0,'压力值过高','2020-02-19 11:36:01'),(656,36,0,'压力值过高','2020-02-19 11:36:01'),(657,39,0,'压力值过高','2020-02-19 11:36:01'),(658,36,2,'无数据','2020-02-20 23:36:07'),(659,37,2,'无数据','2020-02-20 23:36:07'),(660,28,0,'压力值过高','2020-02-21 11:36:08'),(661,28,0,'压力值过高','2020-02-21 17:36:08'),(662,28,0,'压力值过高','2020-02-21 23:36:11'),(663,28,0,'压力值过高','2020-02-22 05:36:13'),(664,28,0,'压力值过高','2020-02-22 11:36:13'),(665,28,0,'压力值过高','2020-02-22 17:36:14'),(666,28,0,'压力值过高','2020-02-22 23:36:15'),(667,28,0,'压力值过高','2020-02-23 05:36:16'),(669,25,0,'压力值过高','2020-02-23 11:36:17'),(670,28,0,'压力值过高','2020-02-23 11:36:17'),(671,34,0,'压力值过高','2020-02-23 11:36:17'),(672,35,0,'压力值过高','2020-02-23 11:36:17'),(673,36,0,'压力值过高','2020-02-23 11:36:17'),(678,23,0,'压力值过高','2020-02-24 11:36:22'),(679,25,0,'压力值过高','2020-02-24 11:36:22'),(686,24,2,'无数据','2020-03-18 15:14:45'),(698,20,0,'一级告警','2020-04-11 14:27:31'),(699,21,0,'一级告警','2020-04-11 14:27:31'),(700,23,0,'一级告警','2020-04-11 14:27:31'),(701,24,0,'一级告警','2020-04-11 14:27:31'),(702,25,0,'一级告警','2020-04-11 14:27:32'),(703,26,0,'一级告警','2020-04-11 14:27:32'),(704,27,0,'一级告警','2020-04-11 14:27:32'),(705,28,0,'一级告警','2020-04-11 14:27:32'),(706,33,0,'一级告警','2020-04-11 14:27:32'),(707,34,0,'一级告警','2020-04-11 14:27:32'),(708,35,0,'一级告警','2020-04-11 14:27:32'),(709,36,0,'一级告警','2020-04-11 14:27:33'),(710,37,0,'一级告警','2020-04-11 14:27:33'),(711,38,0,'一级告警','2020-04-11 14:27:33'),(712,39,0,'一级告警','2020-04-11 14:27:33'),(713,40,0,'一级告警','2020-04-11 14:27:33'),(714,41,0,'一级告警','2020-04-11 14:27:33'),(715,20,0,'一级告警','2020-04-11 14:36:40'),(716,21,0,'一级告警','2020-04-11 14:36:40'),(717,23,0,'一级告警','2020-04-11 14:36:40'),(718,24,0,'一级告警','2020-04-11 14:36:41'),(719,25,0,'一级告警','2020-04-11 14:36:41'),(720,26,0,'一级告警','2020-04-11 14:36:41'),(721,27,0,'一级告警','2020-04-11 14:36:41'),(722,28,0,'一级告警','2020-04-11 14:36:41'),(723,33,0,'一级告警','2020-04-11 14:36:41'),(724,34,0,'一级告警','2020-04-11 14:36:41'),(725,35,0,'一级告警','2020-04-11 14:36:41'),(726,36,0,'一级告警','2020-04-11 14:36:42'),(727,37,0,'一级告警','2020-04-11 14:36:42'),(728,38,0,'一级告警','2020-04-11 14:36:42'),(729,39,0,'一级告警','2020-04-11 14:36:42'),(730,40,0,'一级告警','2020-04-11 14:36:42'),(731,41,0,'一级告警','2020-04-11 14:36:42'),(732,20,0,'一级告警','2020-04-11 17:12:43'),(733,21,0,'一级告警','2020-04-11 17:12:44'),(734,23,0,'一级告警','2020-04-11 17:12:44'),(735,24,0,'一级告警','2020-04-11 17:12:44'),(736,25,0,'一级告警','2020-04-11 17:12:44'),(737,26,0,'一级告警','2020-04-11 17:12:44'),(738,27,0,'一级告警','2020-04-11 17:12:44'),(739,28,0,'一级告警','2020-04-11 17:12:44'),(740,33,0,'一级告警','2020-04-11 17:12:44'),(741,34,0,'一级告警','2020-04-11 17:12:45'),(742,35,0,'一级告警','2020-04-11 17:12:45'),(743,36,0,'一级告警','2020-04-11 17:12:45'),(744,37,0,'一级告警','2020-04-11 17:12:45'),(745,38,0,'一级告警','2020-04-11 17:12:45'),(746,39,0,'一级告警','2020-04-11 17:12:45'),(747,40,0,'一级告警','2020-04-11 17:12:45'),(748,41,0,'一级告警','2020-04-11 17:12:46'),(749,20,0,'一级告警','2020-04-11 17:13:32'),(750,21,0,'一级告警','2020-04-11 17:13:32'),(751,23,0,'一级告警','2020-04-11 17:13:32'),(752,24,0,'一级告警','2020-04-11 17:13:32'),(753,25,0,'一级告警','2020-04-11 17:13:32'),(754,26,0,'一级告警','2020-04-11 17:13:32'),(755,27,0,'一级告警','2020-04-11 17:13:33'),(756,28,0,'一级告警','2020-04-11 17:13:33'),(757,33,0,'一级告警','2020-04-11 17:13:33'),(758,34,0,'一级告警','2020-04-11 17:13:33'),(759,35,0,'一级告警','2020-04-11 17:13:33'),(760,36,0,'一级告警','2020-04-11 17:13:33'),(761,37,0,'一级告警','2020-04-11 17:13:33'),(762,38,0,'一级告警','2020-04-11 17:13:34'),(763,39,0,'一级告警','2020-04-11 17:13:34'),(764,40,0,'一级告警','2020-04-11 17:13:34'),(765,41,0,'一级告警','2020-04-11 17:13:34'),(766,20,0,'一级告警','2020-04-11 18:35:09'),(767,21,0,'一级告警','2020-04-11 18:35:09'),(768,23,0,'一级告警','2020-04-11 18:35:09'),(769,24,0,'一级告警','2020-04-11 18:35:09'),(770,25,0,'一级告警','2020-04-11 18:35:09'),(771,26,0,'一级告警','2020-04-11 18:35:10'),(772,27,0,'一级告警','2020-04-11 18:35:10'),(773,28,0,'一级告警','2020-04-11 18:35:10'),(774,33,0,'一级告警','2020-04-11 18:35:10'),(775,34,0,'一级告警','2020-04-11 18:35:10'),(776,35,0,'一级告警','2020-04-11 18:35:10'),(777,36,0,'一级告警','2020-04-11 18:35:10'),(778,37,0,'一级告警','2020-04-11 18:35:10'),(779,38,0,'一级告警','2020-04-11 18:35:10'),(780,39,0,'一级告警','2020-04-11 18:35:11'),(781,40,0,'一级告警','2020-04-11 18:35:11'),(782,41,0,'一级告警','2020-04-11 18:35:11'),(783,20,0,'一级告警','2020-04-11 18:47:47'),(784,21,0,'一级告警','2020-04-11 18:47:47'),(785,23,0,'一级告警','2020-04-11 18:47:47'),(786,24,0,'一级告警','2020-04-11 18:47:47'),(787,25,0,'一级告警','2020-04-11 18:47:47'),(788,26,0,'一级告警','2020-04-11 18:47:47'),(789,27,0,'一级告警','2020-04-11 18:47:48'),(790,28,0,'一级告警','2020-04-11 18:47:48'),(791,33,0,'一级告警','2020-04-11 18:47:48'),(792,34,0,'一级告警','2020-04-11 18:47:48'),(793,35,0,'一级告警','2020-04-11 18:47:48'),(794,36,0,'一级告警','2020-04-11 18:47:48'),(795,37,0,'一级告警','2020-04-11 18:47:48'),(796,38,0,'一级告警','2020-04-11 18:47:49'),(797,39,0,'一级告警','2020-04-11 18:47:49'),(798,40,0,'一级告警','2020-04-11 18:47:49'),(799,41,0,'一级告警','2020-04-11 18:47:49'),(800,20,0,'一级告警','2020-04-11 18:53:32'),(801,21,0,'一级告警','2020-04-11 18:53:32'),(802,23,0,'一级告警','2020-04-11 18:53:32'),(803,24,0,'一级告警','2020-04-11 18:53:32'),(804,25,0,'一级告警','2020-04-11 18:53:32'),(805,26,0,'一级告警','2020-04-11 18:53:32'),(806,27,0,'一级告警','2020-04-11 18:53:33'),(807,28,0,'一级告警','2020-04-11 18:53:33'),(808,33,0,'一级告警','2020-04-11 18:53:33'),(809,34,0,'一级告警','2020-04-11 18:53:33'),(810,35,0,'一级告警','2020-04-11 18:53:33'),(811,36,0,'一级告警','2020-04-11 18:53:33'),(812,37,0,'一级告警','2020-04-11 18:53:33'),(813,38,0,'一级告警','2020-04-11 18:53:33'),(814,39,0,'一级告警','2020-04-11 18:53:34'),(815,40,0,'一级告警','2020-04-11 18:53:34'),(816,41,0,'一级告警','2020-04-11 18:53:34'),(817,23,0,'一级告警','2020-04-28 18:24:25'),(818,24,0,'一级告警','2020-04-28 18:24:25'),(819,25,0,'一级告警','2020-04-28 18:24:25'),(820,26,0,'一级告警','2020-04-28 18:24:25'),(821,33,0,'一级告警','2020-04-28 18:24:25'),(822,34,0,'一级告警','2020-04-28 18:24:25'),(823,35,0,'一级告警','2020-04-28 18:24:25'),(824,36,0,'一级告警','2020-04-28 18:24:25'),(825,40,0,'一级告警','2020-04-28 18:24:25'),(826,41,0,'一级告警','2020-04-28 18:24:25'),(827,23,0,'一级告警','2020-04-29 06:39:55'),(828,24,0,'一级告警','2020-04-29 06:39:55'),(829,25,0,'一级告警','2020-04-29 06:39:55'),(830,26,0,'一级告警','2020-04-29 06:39:55'),(831,33,0,'一级告警','2020-04-29 06:39:55'),(832,34,0,'一级告警','2020-04-29 06:39:55'),(833,35,0,'一级告警','2020-04-29 06:39:55'),(834,36,0,'一级告警','2020-04-29 06:39:55'),(835,40,0,'一级告警','2020-04-29 06:39:55'),(836,41,0,'一级告警','2020-04-29 06:39:55'),(837,23,0,'一级告警','2020-04-29 18:55:25'),(838,24,0,'一级告警','2020-04-29 18:55:25'),(839,25,0,'一级告警','2020-04-29 18:55:25'),(840,26,0,'一级告警','2020-04-29 18:55:25'),(841,33,0,'一级告警','2020-04-29 18:55:25'),(842,34,0,'一级告警','2020-04-29 18:55:25'),(843,35,0,'一级告警','2020-04-29 18:55:25'),(844,36,0,'一级告警','2020-04-29 18:55:25'),(845,40,0,'一级告警','2020-04-29 18:55:25'),(846,41,0,'一级告警','2020-04-29 18:55:25'),(847,23,0,'一级告警','2020-04-30 00:55:25'),(848,24,0,'一级告警','2020-04-30 00:55:25'),(849,25,0,'一级告警','2020-04-30 00:55:25'),(850,26,0,'一级告警','2020-04-30 00:55:25'),(851,33,0,'一级告警','2020-04-30 00:55:25'),(852,34,0,'一级告警','2020-04-30 00:55:25'),(853,35,0,'一级告警','2020-04-30 00:55:25'),(854,36,0,'一级告警','2020-04-30 00:55:25'),(855,40,0,'一级告警','2020-04-30 00:55:25'),(856,41,0,'一级告警','2020-04-30 00:55:25'),(857,23,0,'一级告警','2020-04-30 06:55:25'),(858,24,0,'一级告警','2020-04-30 06:55:25'),(859,25,0,'一级告警','2020-04-30 06:55:25'),(860,26,0,'一级告警','2020-04-30 06:55:25'),(861,33,0,'一级告警','2020-04-30 06:55:25'),(862,34,0,'一级告警','2020-04-30 06:55:25'),(863,35,0,'一级告警','2020-04-30 06:55:25'),(864,36,0,'一级告警','2020-04-30 06:55:25'),(865,40,0,'一级告警','2020-04-30 06:55:25'),(866,41,0,'一级告警','2020-04-30 06:55:25'),(867,23,0,'一级告警','2020-04-30 10:29:27'),(868,24,0,'一级告警','2020-04-30 10:29:27'),(869,25,0,'一级告警','2020-04-30 10:29:28'),(870,26,0,'一级告警','2020-04-30 10:29:28'),(871,33,0,'一级告警','2020-04-30 10:29:28'),(872,34,0,'一级告警','2020-04-30 10:29:28'),(873,35,0,'一级告警','2020-04-30 10:29:28'),(874,36,0,'一级告警','2020-04-30 10:29:28'),(875,40,0,'一级告警','2020-04-30 10:29:28'),(876,41,0,'一级告警','2020-04-30 10:29:28'),(877,23,0,'一级告警','2020-04-30 11:14:10'),(878,24,0,'一级告警','2020-04-30 11:14:10'),(879,25,0,'一级告警','2020-04-30 11:14:10'),(880,26,0,'一级告警','2020-04-30 11:14:10'),(881,33,0,'一级告警','2020-04-30 11:14:10'),(882,34,0,'一级告警','2020-04-30 11:14:10'),(883,35,0,'一级告警','2020-04-30 11:14:10'),(884,36,0,'一级告警','2020-04-30 11:14:10'),(885,40,0,'一级告警','2020-04-30 11:14:10'),(886,41,0,'一级告警','2020-04-30 11:14:10'),(887,23,0,'一级告警','2020-04-30 23:29:41'),(888,24,0,'一级告警','2020-04-30 23:29:41'),(889,25,0,'一级告警','2020-04-30 23:29:41'),(890,26,0,'一级告警','2020-04-30 23:29:41'),(891,33,0,'一级告警','2020-04-30 23:29:41'),(892,34,0,'一级告警','2020-04-30 23:29:41'),(893,35,0,'一级告警','2020-04-30 23:29:41'),(894,36,0,'一级告警','2020-04-30 23:29:41'),(895,40,0,'一级告警','2020-04-30 23:29:41'),(896,41,0,'一级告警','2020-04-30 23:29:41'),(897,23,0,'一级告警','2020-05-01 18:00:40'),(898,24,0,'一级告警','2020-05-01 18:00:40'),(899,25,0,'一级告警','2020-05-01 18:00:40'),(900,26,0,'一级告警','2020-05-01 18:00:40'),(901,33,0,'一级告警','2020-05-01 18:00:40'),(902,34,0,'一级告警','2020-05-01 18:00:40'),(903,35,0,'一级告警','2020-05-01 18:00:40'),(904,36,0,'一级告警','2020-05-01 18:00:40'),(905,40,0,'一级告警','2020-05-01 18:00:40'),(906,41,0,'一级告警','2020-05-01 18:00:40'),(907,23,0,'一级告警','2020-05-02 00:00:41'),(908,24,0,'一级告警','2020-05-02 00:00:41'),(909,25,0,'一级告警','2020-05-02 00:00:41'),(910,26,0,'一级告警','2020-05-02 00:00:41'),(911,33,0,'一级告警','2020-05-02 00:00:41'),(912,34,0,'一级告警','2020-05-02 00:00:41'),(913,35,0,'一级告警','2020-05-02 00:00:41'),(914,36,0,'一级告警','2020-05-02 00:00:41'),(915,40,0,'一级告警','2020-05-02 00:00:41'),(916,41,0,'一级告警','2020-05-02 00:00:41'),(917,23,0,'一级告警','2020-05-02 18:31:39'),(918,24,0,'一级告警','2020-05-02 18:31:39'),(919,25,0,'一级告警','2020-05-02 18:31:39'),(920,26,0,'一级告警','2020-05-02 18:31:39'),(921,33,0,'一级告警','2020-05-02 18:31:39'),(922,34,0,'一级告警','2020-05-02 18:31:39'),(923,35,0,'一级告警','2020-05-02 18:31:39'),(924,36,0,'一级告警','2020-05-02 18:31:39'),(925,40,0,'一级告警','2020-05-02 18:31:39'),(926,41,0,'一级告警','2020-05-02 18:31:39'),(927,23,0,'一级告警','2020-05-03 00:31:39'),(928,24,0,'一级告警','2020-05-03 00:31:39'),(929,25,0,'一级告警','2020-05-03 00:31:39'),(930,26,0,'一级告警','2020-05-03 00:31:39'),(931,33,0,'一级告警','2020-05-03 00:31:39'),(932,34,0,'一级告警','2020-05-03 00:31:39'),(933,35,0,'一级告警','2020-05-03 00:31:39'),(934,36,0,'一级告警','2020-05-03 00:31:39'),(935,40,0,'一级告警','2020-05-03 00:31:39'),(936,41,0,'一级告警','2020-05-03 00:31:39'),(937,23,0,'一级告警','2020-05-03 19:02:38'),(938,24,0,'一级告警','2020-05-03 19:02:38'),(939,25,0,'一级告警','2020-05-03 19:02:38'),(940,26,0,'一级告警','2020-05-03 19:02:38'),(941,33,0,'一级告警','2020-05-03 19:02:38'),(942,34,0,'一级告警','2020-05-03 19:02:38'),(943,35,0,'一级告警','2020-05-03 19:02:38'),(944,36,0,'一级告警','2020-05-03 19:02:38'),(945,40,0,'一级告警','2020-05-03 19:02:38'),(946,41,0,'一级告警','2020-05-03 19:02:38'),(947,23,0,'一级告警','2020-05-04 01:02:38'),(948,24,0,'一级告警','2020-05-04 01:02:38'),(949,25,0,'一级告警','2020-05-04 01:02:38'),(950,26,0,'一级告警','2020-05-04 01:02:38'),(951,33,0,'一级告警','2020-05-04 01:02:38'),(952,34,0,'一级告警','2020-05-04 01:02:38'),(953,35,0,'一级告警','2020-05-04 01:02:38'),(954,36,0,'一级告警','2020-05-04 01:02:38'),(955,40,0,'一级告警','2020-05-04 01:02:38'),(956,41,0,'一级告警','2020-05-04 01:02:38'),(957,23,0,'一级告警','2020-05-04 19:33:36'),(958,24,0,'一级告警','2020-05-04 19:33:36'),(959,25,0,'一级告警','2020-05-04 19:33:36'),(960,26,0,'一级告警','2020-05-04 19:33:36'),(961,33,0,'一级告警','2020-05-04 19:33:36'),(962,34,0,'一级告警','2020-05-04 19:33:36'),(963,35,0,'一级告警','2020-05-04 19:33:36'),(964,36,0,'一级告警','2020-05-04 19:33:36'),(965,40,0,'一级告警','2020-05-04 19:33:36'),(966,41,0,'一级告警','2020-05-04 19:33:36'),(967,23,0,'一级告警','2020-05-05 01:33:36'),(968,24,0,'一级告警','2020-05-05 01:33:36'),(969,25,0,'一级告警','2020-05-05 01:33:36'),(970,26,0,'一级告警','2020-05-05 01:33:36'),(971,33,0,'一级告警','2020-05-05 01:33:36'),(972,34,0,'一级告警','2020-05-05 01:33:36'),(973,35,0,'一级告警','2020-05-05 01:33:36'),(974,36,0,'一级告警','2020-05-05 01:33:36'),(975,40,0,'一级告警','2020-05-05 01:33:36'),(976,41,0,'一级告警','2020-05-05 01:33:36'),(977,23,0,'一级告警','2020-05-05 20:04:34'),(978,24,0,'一级告警','2020-05-05 20:04:34'),(979,25,0,'一级告警','2020-05-05 20:04:34'),(980,26,0,'一级告警','2020-05-05 20:04:34'),(981,33,0,'一级告警','2020-05-05 20:04:34'),(982,34,0,'一级告警','2020-05-05 20:04:34'),(983,35,0,'一级告警','2020-05-05 20:04:34'),(984,36,0,'一级告警','2020-05-05 20:04:34'),(985,40,0,'一级告警','2020-05-05 20:04:34'),(986,41,0,'一级告警','2020-05-05 20:04:34'),(987,23,0,'一级告警','2020-05-06 02:04:34'),(988,24,0,'一级告警','2020-05-06 02:04:34'),(989,25,0,'一级告警','2020-05-06 02:04:34'),(990,26,0,'一级告警','2020-05-06 02:04:34'),(991,33,0,'一级告警','2020-05-06 02:04:34'),(992,34,0,'一级告警','2020-05-06 02:04:34'),(993,35,0,'一级告警','2020-05-06 02:04:34'),(994,36,0,'一级告警','2020-05-06 02:04:34'),(995,40,0,'一级告警','2020-05-06 02:04:34'),(996,41,0,'一级告警','2020-05-06 02:04:34'),(997,23,0,'一级告警','2020-05-06 10:47:11'),(998,24,0,'一级告警','2020-05-06 10:47:11'),(999,25,0,'一级告警','2020-05-06 10:47:11'),(1000,26,0,'一级告警','2020-05-06 10:47:11'),(1001,33,0,'一级告警','2020-05-06 10:47:11'),(1002,34,0,'一级告警','2020-05-06 10:47:11'),(1003,35,0,'一级告警','2020-05-06 10:47:11'),(1004,36,0,'一级告警','2020-05-06 10:47:11'),(1005,40,0,'一级告警','2020-05-06 10:47:11'),(1006,41,0,'一级告警','2020-05-06 10:47:11'),(1007,23,0,'一级告警','2020-05-06 16:47:12'),(1008,24,0,'一级告警','2020-05-06 16:47:12'),(1009,25,0,'一级告警','2020-05-06 16:47:12'),(1010,26,0,'一级告警','2020-05-06 16:47:12'),(1011,33,0,'一级告警','2020-05-06 16:47:12'),(1012,34,0,'一级告警','2020-05-06 16:47:12'),(1013,35,0,'一级告警','2020-05-06 16:47:12'),(1014,36,0,'一级告警','2020-05-06 16:47:12'),(1015,40,0,'一级告警','2020-05-06 16:47:12'),(1016,41,0,'一级告警','2020-05-06 16:47:12'),(1017,23,0,'一级告警','2020-05-07 05:18:12'),(1018,24,0,'一级告警','2020-05-07 05:18:12'),(1019,25,0,'一级告警','2020-05-07 05:18:12'),(1020,26,0,'一级告警','2020-05-07 05:18:12'),(1021,33,0,'一级告警','2020-05-07 05:18:12'),(1022,34,0,'一级告警','2020-05-07 05:18:12'),(1023,35,0,'一级告警','2020-05-07 05:18:12'),(1024,36,0,'一级告警','2020-05-07 05:18:12'),(1025,40,0,'一级告警','2020-05-07 05:18:12'),(1026,41,0,'一级告警','2020-05-07 05:18:12'),(1027,23,0,'一级告警','2020-05-07 11:18:12'),(1028,24,0,'一级告警','2020-05-07 11:18:12'),(1029,25,0,'一级告警','2020-05-07 11:18:12'),(1030,26,0,'一级告警','2020-05-07 11:18:12'),(1031,33,0,'一级告警','2020-05-07 11:18:12'),(1032,34,0,'一级告警','2020-05-07 11:18:12'),(1033,35,0,'一级告警','2020-05-07 11:18:12'),(1034,36,0,'一级告警','2020-05-07 11:18:12'),(1035,40,0,'一级告警','2020-05-07 11:18:12'),(1036,41,0,'一级告警','2020-05-07 11:18:12'),(1037,23,0,'一级告警','2020-05-07 17:18:13'),(1038,24,0,'一级告警','2020-05-07 17:18:13'),(1039,25,0,'一级告警','2020-05-07 17:18:13'),(1040,26,0,'一级告警','2020-05-07 17:18:13'),(1041,33,0,'一级告警','2020-05-07 17:18:13'),(1042,34,0,'一级告警','2020-05-07 17:18:13'),(1043,35,0,'一级告警','2020-05-07 17:18:13'),(1044,36,0,'一级告警','2020-05-07 17:18:13'),(1045,40,0,'一级告警','2020-05-07 17:18:13'),(1046,41,0,'一级告警','2020-05-07 17:18:13'),(1047,23,0,'一级告警','2020-05-08 18:04:43'),(1048,24,0,'一级告警','2020-05-08 18:04:43'),(1049,25,0,'一级告警','2020-05-08 18:04:43'),(1050,26,0,'一级告警','2020-05-08 18:04:43'),(1051,33,0,'一级告警','2020-05-08 18:04:43'),(1052,34,0,'一级告警','2020-05-08 18:04:43'),(1053,35,0,'一级告警','2020-05-08 18:04:43'),(1054,36,0,'一级告警','2020-05-08 18:04:43'),(1055,40,0,'一级告警','2020-05-08 18:04:43'),(1056,41,0,'一级告警','2020-05-08 18:04:43'),(1057,23,0,'一级告警','2020-05-09 18:51:18'),(1058,24,0,'一级告警','2020-05-09 18:51:18'),(1059,25,0,'一级告警','2020-05-09 18:51:18'),(1060,26,0,'一级告警','2020-05-09 18:51:18'),(1061,33,0,'一级告警','2020-05-09 18:51:18'),(1062,34,0,'一级告警','2020-05-09 18:51:18'),(1063,35,0,'一级告警','2020-05-09 18:51:18'),(1064,36,0,'一级告警','2020-05-09 18:51:18'),(1065,40,0,'一级告警','2020-05-09 18:51:18'),(1066,41,0,'一级告警','2020-05-09 18:51:18'),(1067,23,0,'一级告警','2020-05-10 00:51:18'),(1068,24,0,'一级告警','2020-05-10 00:51:18'),(1069,25,0,'一级告警','2020-05-10 00:51:18'),(1070,26,0,'一级告警','2020-05-10 00:51:18'),(1071,33,0,'一级告警','2020-05-10 00:51:18'),(1072,34,0,'一级告警','2020-05-10 00:51:18'),(1073,35,0,'一级告警','2020-05-10 00:51:18'),(1074,36,0,'一级告警','2020-05-10 00:51:18'),(1075,40,0,'一级告警','2020-05-10 00:51:18'),(1076,41,0,'一级告警','2020-05-10 00:51:18'),(1077,23,0,'一级告警','2020-05-10 19:22:17'),(1078,24,0,'一级告警','2020-05-10 19:22:17'),(1079,25,0,'一级告警','2020-05-10 19:22:17'),(1080,26,0,'一级告警','2020-05-10 19:22:17'),(1081,33,0,'一级告警','2020-05-10 19:22:17'),(1082,34,0,'一级告警','2020-05-10 19:22:17'),(1083,35,0,'一级告警','2020-05-10 19:22:17'),(1084,36,0,'一级告警','2020-05-10 19:22:17'),(1085,40,0,'一级告警','2020-05-10 19:22:17'),(1086,41,0,'一级告警','2020-05-10 19:22:17'),(1087,23,0,'一级告警','2020-05-11 01:22:17'),(1088,24,0,'一级告警','2020-05-11 01:22:17'),(1089,25,0,'一级告警','2020-05-11 01:22:17'),(1090,26,0,'一级告警','2020-05-11 01:22:17'),(1091,33,0,'一级告警','2020-05-11 01:22:17'),(1092,34,0,'一级告警','2020-05-11 01:22:17'),(1093,35,0,'一级告警','2020-05-11 01:22:17'),(1094,36,0,'一级告警','2020-05-11 01:22:17'),(1095,40,0,'一级告警','2020-05-11 01:22:17'),(1096,41,0,'一级告警','2020-05-11 01:22:17'),(1097,23,0,'一级告警','2020-05-11 13:37:46'),(1098,24,0,'一级告警','2020-05-11 13:37:46'),(1099,25,0,'一级告警','2020-05-11 13:37:46'),(1100,26,0,'一级告警','2020-05-11 13:37:46'),(1101,33,0,'一级告警','2020-05-11 13:37:46'),(1102,36,0,'一级告警','2020-05-11 13:37:46'),(1103,40,0,'一级告警','2020-05-11 13:37:46'),(1104,23,0,'一级告警','2020-05-11 19:37:46'),(1105,24,0,'一级告警','2020-05-11 19:37:46'),(1106,25,0,'一级告警','2020-05-11 19:37:46'),(1107,26,0,'一级告警','2020-05-11 19:37:46'),(1108,33,0,'一级告警','2020-05-11 19:37:46'),(1109,34,0,'一级告警','2020-05-11 19:37:46'),(1110,35,0,'一级告警','2020-05-11 19:37:46'),(1111,36,0,'一级告警','2020-05-11 19:37:46'),(1112,40,0,'一级告警','2020-05-11 19:37:46'),(1113,23,0,'一级告警','2020-05-12 01:37:47'),(1114,24,0,'一级告警','2020-05-12 01:37:47'),(1115,25,0,'一级告警','2020-05-12 01:37:47'),(1116,26,0,'一级告警','2020-05-12 01:37:47'),(1117,33,0,'一级告警','2020-05-12 01:37:47'),(1118,36,0,'一级告警','2020-05-12 01:37:47'),(1119,40,0,'一级告警','2020-05-12 01:37:47'),(1120,41,0,'一级告警','2020-05-12 01:37:47'),(1121,20,0,'一级告警','2020-05-12 18:53:07'),(1122,21,0,'一级告警','2020-05-12 18:53:07'),(1123,23,0,'一级告警','2020-05-12 18:53:07'),(1124,24,0,'一级告警','2020-05-12 18:53:07'),(1125,25,0,'一级告警','2020-05-12 18:53:07'),(1126,26,0,'一级告警','2020-05-12 18:53:07'),(1127,27,0,'一级告警','2020-05-12 18:53:07'),(1128,28,0,'一级告警','2020-05-12 18:53:07'),(1129,33,0,'一级告警','2020-05-12 18:53:07'),(1130,34,0,'一级告警','2020-05-12 18:53:07'),(1131,35,0,'一级告警','2020-05-12 18:53:07'),(1132,36,0,'一级告警','2020-05-12 18:53:07'),(1133,37,0,'一级告警','2020-05-12 18:53:07'),(1134,38,0,'一级告警','2020-05-12 18:53:07'),(1135,39,0,'一级告警','2020-05-12 18:53:07'),(1136,40,0,'一级告警','2020-05-12 18:53:07'),(1137,41,0,'一级告警','2020-05-12 18:53:07'),(1138,48,0,'一级告警','2020-05-12 18:53:07'),(1139,49,0,'一级告警','2020-05-12 18:53:07'),(1140,50,0,'一级告警','2020-05-12 18:53:07'),(1141,51,0,'一级告警','2020-05-12 18:53:07'),(1142,52,0,'一级告警','2020-05-12 18:53:07'),(1143,53,0,'一级告警','2020-05-12 18:53:07'),(1144,54,0,'一级告警','2020-05-12 18:53:07'),(1145,57,0,'一级告警','2020-05-12 18:53:07'),(1146,58,0,'一级告警','2020-05-12 18:53:07'),(1147,59,0,'一级告警','2020-05-12 18:53:07'),(1148,61,0,'一级告警','2020-05-12 18:53:07'),(1149,20,0,'一级告警','2020-05-13 07:08:38'),(1150,21,0,'一级告警','2020-05-13 07:08:38'),(1151,23,0,'一级告警','2020-05-13 07:08:38'),(1152,24,0,'一级告警','2020-05-13 07:08:38'),(1153,25,0,'一级告警','2020-05-13 07:08:38'),(1154,26,0,'一级告警','2020-05-13 07:08:38'),(1155,27,0,'一级告警','2020-05-13 07:08:38'),(1156,28,0,'一级告警','2020-05-13 07:08:38'),(1157,33,0,'一级告警','2020-05-13 07:08:38'),(1158,34,0,'一级告警','2020-05-13 07:08:38'),(1159,35,0,'一级告警','2020-05-13 07:08:38'),(1160,36,0,'一级告警','2020-05-13 07:08:38'),(1161,37,0,'一级告警','2020-05-13 07:08:38'),(1162,38,0,'一级告警','2020-05-13 07:08:38'),(1163,39,0,'一级告警','2020-05-13 07:08:38'),(1164,40,0,'一级告警','2020-05-13 07:08:38'),(1165,41,0,'一级告警','2020-05-13 07:08:38'),(1166,48,0,'一级告警','2020-05-13 07:08:38'),(1167,49,0,'一级告警','2020-05-13 07:08:38'),(1168,50,0,'一级告警','2020-05-13 07:08:38'),(1169,51,0,'一级告警','2020-05-13 07:08:38'),(1170,52,0,'一级告警','2020-05-13 07:08:38'),(1171,53,0,'一级告警','2020-05-13 07:08:38'),(1172,54,0,'一级告警','2020-05-13 07:08:38'),(1173,57,0,'一级告警','2020-05-13 07:08:38'),(1174,58,0,'一级告警','2020-05-13 07:08:39'),(1175,59,0,'一级告警','2020-05-13 07:08:39'),(1176,61,0,'一级告警','2020-05-13 07:08:39'),(1177,20,0,'一级告警','2020-05-13 13:08:39'),(1178,21,0,'一级告警','2020-05-13 13:08:39'),(1179,23,0,'一级告警','2020-05-13 13:08:39'),(1180,24,0,'一级告警','2020-05-13 13:08:39'),(1181,25,0,'一级告警','2020-05-13 13:08:39'),(1182,27,0,'一级告警','2020-05-13 13:08:39'),(1183,28,0,'一级告警','2020-05-13 13:08:39'),(1184,33,0,'一级告警','2020-05-13 13:08:39'),(1185,34,0,'一级告警','2020-05-13 13:08:39'),(1186,35,0,'一级告警','2020-05-13 13:08:39'),(1187,36,0,'一级告警','2020-05-13 13:08:39'),(1188,37,0,'一级告警','2020-05-13 13:08:39'),(1189,38,0,'一级告警','2020-05-13 13:08:39'),(1190,39,0,'一级告警','2020-05-13 13:08:39'),(1191,40,0,'一级告警','2020-05-13 13:08:39'),(1192,41,0,'一级告警','2020-05-13 13:08:39'),(1193,27,0,'一级告警','2020-05-14 07:55:05'),(1194,36,0,'一级告警','2020-05-14 07:55:05'),(1195,37,0,'一级告警','2020-05-14 07:55:05'),(1196,38,0,'一级告警','2020-05-14 07:55:05'),(1197,41,0,'一级告警','2020-05-14 07:55:05'),(1198,20,0,'一级告警','2020-05-14 13:55:05'),(1199,27,0,'一级告警','2020-05-14 13:55:05'),(1200,36,0,'一级告警','2020-05-14 13:55:05'),(1201,37,0,'一级告警','2020-05-14 13:55:05'),(1202,38,0,'一级告警','2020-05-14 13:55:05'),(1203,39,0,'一级告警','2020-05-14 13:55:05'),(1204,40,0,'一级告警','2020-05-14 13:55:05'),(1205,41,0,'一级告警','2020-05-14 13:55:05'),(1206,20,0,'一级告警','2020-05-15 14:41:35'),(1207,27,0,'一级告警','2020-05-15 14:41:35'),(1208,36,0,'一级告警','2020-05-15 14:41:35'),(1209,37,0,'一级告警','2020-05-15 14:41:35'),(1210,38,0,'一级告警','2020-05-15 14:41:35'),(1211,39,0,'一级告警','2020-05-15 14:41:36'),(1212,40,0,'一级告警','2020-05-15 14:41:36'),(1213,41,0,'一级告警','2020-05-15 14:41:36'),(1214,20,0,'一级告警','2020-05-16 02:57:05'),(1215,27,0,'一级告警','2020-05-16 02:57:05'),(1216,36,0,'一级告警','2020-05-16 02:57:05'),(1217,37,0,'一级告警','2020-05-16 02:57:05'),(1218,38,0,'一级告警','2020-05-16 02:57:05'),(1219,41,0,'一级告警','2020-05-16 02:57:05'),(1220,20,0,'一级告警','2020-05-16 08:57:06'),(1221,27,0,'一级告警','2020-05-16 08:57:06'),(1222,36,0,'一级告警','2020-05-16 08:57:06'),(1223,37,0,'一级告警','2020-05-16 08:57:06'),(1224,38,0,'一级告警','2020-05-16 08:57:06'),(1225,41,0,'一级告警','2020-05-16 08:57:06'),(1226,20,0,'一级告警','2020-05-20 17:45:16'),(1227,27,0,'一级告警','2020-05-20 17:45:16'),(1228,36,0,'一级告警','2020-05-20 17:45:16'),(1229,37,0,'一级告警','2020-05-20 17:45:16'),(1230,38,0,'一级告警','2020-05-20 17:45:16'),(1231,39,0,'一级告警','2020-05-20 17:45:16'),(1232,40,0,'一级告警','2020-05-20 17:45:16'),(1233,41,0,'一级告警','2020-05-20 17:45:16'),(1234,20,0,'一级告警','2020-05-21 06:00:50'),(1235,27,0,'一级告警','2020-05-21 06:00:50'),(1236,34,0,'一级告警','2020-05-21 06:00:50'),(1237,35,0,'一级告警','2020-05-21 06:00:50'),(1238,36,0,'一级告警','2020-05-21 06:00:50'),(1239,37,0,'一级告警','2020-05-21 06:00:50'),(1240,38,0,'一级告警','2020-05-21 06:00:50'),(1241,39,0,'一级告警','2020-05-21 06:00:50'),(1242,40,0,'一级告警','2020-05-21 06:00:50'),(1243,41,0,'一级告警','2020-05-21 06:00:50'),(1244,20,0,'一级告警','2020-05-21 18:16:22'),(1245,27,0,'一级告警','2020-05-21 18:16:23'),(1246,36,0,'一级告警','2020-05-21 18:16:23'),(1247,37,0,'一级告警','2020-05-21 18:16:23'),(1248,38,0,'一级告警','2020-05-21 18:16:23'),(1249,41,0,'一级告警','2020-05-21 18:16:23'),(1250,20,0,'一级告警','2020-05-21 20:06:08'),(1251,27,0,'一级告警','2020-05-21 20:06:08'),(1252,36,0,'一级告警','2020-05-21 20:06:08'),(1253,37,0,'一级告警','2020-05-21 20:06:08'),(1254,38,0,'一级告警','2020-05-21 20:06:08'),(1255,41,0,'一级告警','2020-05-21 20:06:08'),(1256,20,0,'一级告警','2020-05-21 20:35:20'),(1257,27,0,'一级告警','2020-05-21 20:35:20'),(1258,36,0,'一级告警','2020-05-21 20:35:20'),(1259,37,0,'一级告警','2020-05-21 20:35:20'),(1260,38,0,'一级告警','2020-05-21 20:35:20'),(1261,41,0,'一级告警','2020-05-21 20:35:20'),(1262,20,0,'一级告警','2020-05-22 08:50:54'),(1263,27,0,'一级告警','2020-05-22 08:50:54'),(1264,36,0,'一级告警','2020-05-22 08:50:54'),(1265,37,0,'一级告警','2020-05-22 08:50:54'),(1266,38,0,'一级告警','2020-05-22 08:50:54'),(1267,41,0,'一级告警','2020-05-22 08:50:54'),(1268,27,0,'一级告警','2020-05-23 03:21:57'),(1269,36,0,'一级告警','2020-05-23 03:21:57'),(1270,37,0,'一级告警','2020-05-23 03:21:57'),(1271,41,0,'一级告警','2020-05-23 03:21:57'),(1272,20,0,'一级告警','2020-05-23 09:21:57'),(1273,27,0,'一级告警','2020-05-23 09:21:57'),(1274,34,0,'一级告警','2020-05-23 09:21:57'),(1275,36,0,'一级告警','2020-05-23 09:21:57'),(1276,37,0,'一级告警','2020-05-23 09:21:57'),(1277,38,0,'一级告警','2020-05-23 09:21:57'),(1278,41,0,'一级告警','2020-05-23 09:21:57'),(1279,20,0,'一级告警','2020-05-23 21:37:30'),(1280,27,0,'一级告警','2020-05-23 21:37:30'),(1281,36,0,'一级告警','2020-05-23 21:37:30'),(1282,37,0,'一级告警','2020-05-23 21:37:30'),(1283,38,0,'一级告警','2020-05-23 21:37:30'),(1284,41,0,'一级告警','2020-05-23 21:37:30'),(1285,20,0,'一级告警','2020-05-24 16:08:31'),(1286,27,0,'一级告警','2020-05-24 16:08:31'),(1287,36,0,'一级告警','2020-05-24 16:08:31'),(1288,37,0,'一级告警','2020-05-24 16:08:31'),(1289,38,0,'一级告警','2020-05-24 16:08:31'),(1290,41,0,'一级告警','2020-05-24 16:08:31'),(1291,20,0,'一级告警','2020-05-24 22:08:32'),(1292,27,0,'一级告警','2020-05-24 22:08:32'),(1293,36,0,'一级告警','2020-05-24 22:08:32'),(1294,37,0,'一级告警','2020-05-24 22:08:32'),(1295,38,0,'一级告警','2020-05-24 22:08:32'),(1296,41,0,'一级告警','2020-05-24 22:08:32'),(1297,20,0,'一级告警','2020-05-25 16:39:34'),(1298,27,0,'一级告警','2020-05-25 16:39:34'),(1299,36,0,'一级告警','2020-05-25 16:39:34'),(1300,37,0,'一级告警','2020-05-25 16:39:34'),(1301,38,0,'一级告警','2020-05-25 16:39:34'),(1302,41,0,'一级告警','2020-05-25 16:39:34'),(1303,20,0,'一级告警','2020-05-25 22:39:35'),(1304,27,0,'一级告警','2020-05-25 22:39:35'),(1305,36,0,'一级告警','2020-05-25 22:39:35'),(1306,37,0,'一级告警','2020-05-25 22:39:35'),(1307,38,0,'一级告警','2020-05-25 22:39:35'),(1308,41,0,'一级告警','2020-05-25 22:39:35'),(1309,49,2,'无数据','2020-05-25 22:39:35'),(1310,27,0,'一级告警','2020-05-26 10:55:06'),(1311,36,0,'一级告警','2020-05-26 10:55:06'),(1312,37,0,'一级告警','2020-05-26 10:55:06'),(1313,41,0,'一级告警','2020-05-26 10:55:06'),(1314,20,0,'一级告警','2020-05-26 19:14:41'),(1315,27,0,'一级告警','2020-05-26 19:14:41'),(1316,36,0,'一级告警','2020-05-26 19:14:41'),(1317,37,0,'一级告警','2020-05-26 19:14:41'),(1318,38,0,'一级告警','2020-05-26 19:14:41'),(1319,41,0,'一级告警','2020-05-26 19:14:41'),(1320,20,0,'一级告警','2020-05-27 07:30:15'),(1321,27,0,'一级告警','2020-05-27 07:30:15'),(1322,36,0,'一级告警','2020-05-27 07:30:15'),(1323,37,0,'一级告警','2020-05-27 07:30:15'),(1324,38,0,'一级告警','2020-05-27 07:30:15'),(1325,39,0,'一级告警','2020-05-27 07:30:15'),(1326,40,0,'一级告警','2020-05-27 07:30:15'),(1327,41,0,'一级告警','2020-05-27 07:30:15'),(1328,20,0,'一级告警','2020-05-27 13:30:15'),(1329,21,0,'一级告警','2020-05-27 13:30:15'),(1330,23,0,'一级告警','2020-05-27 13:30:15'),(1331,24,0,'一级告警','2020-05-27 13:30:15'),(1332,25,0,'一级告警','2020-05-27 13:30:15'),(1333,27,0,'一级告警','2020-05-27 13:30:15'),(1334,28,0,'一级告警','2020-05-27 13:30:15'),(1335,33,0,'一级告警','2020-05-27 13:30:15'),(1336,34,0,'一级告警','2020-05-27 13:30:15'),(1337,35,0,'一级告警','2020-05-27 13:30:15'),(1338,36,0,'一级告警','2020-05-27 13:30:15'),(1339,37,0,'一级告警','2020-05-27 13:30:15'),(1340,38,0,'一级告警','2020-05-27 13:30:15'),(1341,39,0,'一级告警','2020-05-27 13:30:15'),(1342,40,0,'一级告警','2020-05-27 13:30:15'),(1343,41,0,'一级告警','2020-05-27 13:30:15');

/*Table structure for table `inficombo_devtype` */

DROP TABLE IF EXISTS `inficombo_devtype`;

CREATE TABLE `inficombo_devtype` (
  `id` int(11) NOT NULL AUTO_INCREMENT,
  `devtype` varchar(255) NOT NULL COMMENT '设备类型标识',
  `devtypedesc` varchar(255) DEFAULT NULL COMMENT '设备类型名称',
  `vendor` varchar(255) DEFAULT NULL COMMENT '设备类型归属厂家',
  `appclass` varchar(500) DEFAULT NULL COMMENT '设备类型对应的应用归类',
  `devtypeflag` int(11) DEFAULT NULL,
  PRIMARY KEY (`id`)
) ENGINE=InnoDB AUTO_INCREMENT=368 DEFAULT CHARSET=utf8mb4;

/*Data for the table `inficombo_devtype` */

insert  into `inficombo_devtype`(`id`,`devtype`,`devtypedesc`,`vendor`,`appclass`,`devtypeflag`) values (1,'T20','T20','','通用物联网应用',0),(2,'alps_water','智能水位计.ALPS','阿尔卑斯','智慧消防',0),(3,'anyi_oilfield','智能油井监测.B.B.R.Y','','智慧油田',0),(4,'anyi_oilfield_press','智能油田压力.B.B.R.Y','','智慧油田',0),(5,'beiqin300_efire_v2','电气火灾监测.BQ300.V2','北秦','智慧消防',0),(6,'beiqin_efire','电气火灾监测.BQ100.V1','北秦','智慧消防',0),(7,'beiqin_efire_v2','电气火灾监测.BQ100.V2','北秦','智慧消防',0),(8,'beiqin_efire_v3','电气火灾监测.BQ100.V3','北秦','智慧消防',0),(9,'bengbu_payload','智能油田日月载荷.B.B.R.Y','克拉_日月','智慧油田',0),(10,'bodaguangtong_trapdoor','智能井盖.B.D.G.T','博大光通','智慧城市',0),(11,'cangniao_meter','智能电表.C.N','克拉_仓鸟','智慧城市',0),(12,'chuanggan_pni','智能地磁.C.G','创感','智慧城市',0),(13,'claa_btlabel','蓝牙定位标签.CLAA','CLAATEK','智能定位',0),(14,'claa_btloc','蓝牙定位终端.CLAA','克拉','智慧城市',0),(15,'claa_cover','智能井盖.CLAA','克拉','智慧城市',0),(16,'claa_door','智能门磁.CLAA','克拉','智能家居',0),(17,'claa_door_ga70','智能门磁（GA70）.CLAA','克拉','智能家居',0),(18,'claa_ff_host','消防控制主机','CLAA','智慧消防',1),(19,'claa_ff_part','消防设施部件','CLAA','智慧消防',1),(20,'claa_ff_transdev','消防用户信息传输装置','CLAA','智慧消防',1),(21,'claa_garbin','智能垃圾桶.CLAA','克拉','智慧城市',0),(22,'claa_gpsloc','GPS定位终端.CLAA','克拉','智慧城市',0),(23,'claa_gsp','克拉GSP/SSP','克拉','智慧城市',0),(24,'claa_gsp_doorguard','克拉GSP(门禁控制器)','克拉','智慧城市',0),(25,'claa_gsp_relay','克拉GSP(带继电器)','克拉','智慧城市',0),(26,'claa_gsp_swireless','克拉GSP(小无线)','克拉','智慧城市',0),(27,'claa_landslide','山体滑坡监测.CLAA','克拉','智慧城市',0),(28,'claa_level','物位探测仪.CLAA','克拉','智慧城市',0),(29,'claa_loc_gps_keypoint','GPS定位参照点','CLAATEK','智能定位',1),(30,'claa_locanchor','蓝牙定位锚点.CLAA','克拉','智慧城市',0),(31,'claa_locfusion','融合定位终端.CLAA','克拉','智慧城市',0),(32,'claa_loclorabcon','LoRa定位信标.CLAA','克拉','智慧城市',0),(33,'claa_logistics_tray','智能物流托盘','CLAATEK','智慧物流',1),(34,'claa_loraloc','LoRa定位终端.CLAA','克拉','智慧城市',0),(35,'claa_mobilegps','手机GPS定位.CLAA','克拉','智慧园区',0),(36,'claa_shmx_elevator','麦信电梯','上海麦信','智慧社区',1),(37,'claa_temp_humd','温湿度计.CLAA','克拉','智慧城市',0),(38,'claa_temp_humd_v2','温湿度计V2.CLAA','克拉','智慧城市',0),(39,'claa_temp_pt20','热敏电阻温度计.CLAA','克拉','智慧城市',0),(40,'claa_toiletstall_occupy','智能厕位占用感应设备（DT20）.CLAA','克拉','智能家居',0),(41,'claa_tunnel_tube','隧道雪糕筒','','智慧管廊',1),(42,'claa_watersensor','智能水感.CLAA','克拉','智慧城市',0),(43,'claa_whp_craft','危化品化工工艺','','智慧化工',1),(44,'claa_whp_genplace','危化品生产场所','','智慧化工',1),(45,'claa_whp_tank','危化品储罐','CLAATEK','智慧化工',1),(46,'claa_whp_warehouse','危化品仓库','CLAATEK','智慧化工',1),(47,'dayang_smartsocket','智能插座.D.Y','','智能家居',0),(48,'fengyu_efire','电气火灾监测.F.Y','枫煜','智慧消防',0),(49,'fzny_raw485_ammeter','智能设备透传模型','','智能抄表',0),(50,'haitong_Infrared','红外探测器.H.T','海通','智能家居',0),(51,'haitong_airconinfrared','万能红外控制器.H.T','海通','智能家居',0),(52,'haitong_curtain','窗帘控制器.H.T','海通','智能家居',0),(53,'haitong_gatemagic','智能门磁.H.T','海通','智能家居',0),(54,'haitong_meassocket','计量插座.H.T','海通','智能家居',0),(55,'haitong_solialarm','无线声光报警器.H.T','海通','智能家居',0),(56,'haitong_sos','SOS呼叫器.H.T','海通','智能家居',0),(57,'haitong_watersense','无线水感.H.T','海通','智慧城市',0),(58,'haitong_xswitch','智能面板开关/灯控/固定插座.H.T','海通','智慧城市',0),(59,'hanwei_ch4_detector','甲烷气体检测.H.W','汉威','智慧消防',0),(60,'hanwei_watermeter','智能水表.A.H.H.W','安徽汉威','智慧城市',0),(61,'hanwei_waterpressure','水压监控.H.W','汉威','智慧消防',0),(62,'heao_roadlamp','智能路灯.H.A','赫奥','智慧城市',0),(63,'hengshuo_waterlevel','水位监测.H.S','亨朔','智慧城市',0),(64,'hengshuo_waterpress','水压监测.H.S','亨朔','智慧城市',0),(65,'honghu_gas','智能气表.H.H','鸿鹄','智能抄表',0),(66,'huace_gnss','华测GNSS','华测','地质灾害',0),(67,'huace_rain_dist','雨量裂缝监控设备.H.C','华测','地质灾害',0),(68,'huacheng_partial_discharge','智能局放设备三合一.H.C','华乘','智慧城市',0),(69,'huakuantong_lampctrl','智能灯控.H.K.T','华宽通','智慧城市',0),(70,'jiangyou_gas_meter','智能气表.J.K','金卡气表','智慧城市',0),(71,'jinyan_intelli_mobile_socket','智能移动插座.J.T','','智能家居',0),(72,'kuyuan_bracelet_v2','自能手环V2.K.Y','酷远','智能家居',0),(73,'lansi_gpsloc','智能定位.L.S','蓝思','智慧城市',0),(74,'lansi_temp_v3','温湿度计.LS.V3','蓝思','智慧城市',0),(75,'logicres_1_md_airswitch_v2','单模块智能空气开关.M.D','曼顿','智能电网',1),(76,'lutong_emg_bcast','应急广播设备.L.T','克拉_路通','智慧消防',0),(77,'lw_rawdata_device','智能设备.L.W','力维','智能设备',0),(78,'multi_temp_point','PT40温度测点设备','克拉','智能电网',1),(79,'nb_cm_agm18g','移动GPRS-AGM18G光照度-温湿度-CO2检测 ','克拉','智慧农业',0),(80,'nb_cm_agm18n','移动NB-AGM18N光照度-温湿度-CO2检测 ','克拉','智慧机房/智慧农业',0),(81,'nb_cm_sip10n','移动NB-SIP10N土壤温湿度监测及继电器泵控','克拉','智慧农业',0),(82,'nb_cm_usd10n','移动NB USD10N 超声波物位探测器','克拉','智慧农业',0),(83,'partial_discharge_sensor','智能局放传感器.M.Z','美卓','智慧能源',0),(84,'pinming_lift','品茗升降机','品茗','智慧工地',0),(85,'pinming_tower','品茗塔吊','品茗','智慧工地',0),(86,'pollunit_comm_proto','汇集单元设备','','智慧城市',0),(87,'putiantongda_soilmoniter','土壤监控.P.T.T.D','普天通达','智慧城市',0),(88,'qishan_turbidity_opt7100','浊度智能电极.Q.S','七善科技','智慧城市',0),(89,'radarking_dtu_akr_efire','智能火警监控.A.D.K（DTU+AKR火警）','','智慧消防',0),(90,'radarking_dtu_elec_meter','智能电表.A.D.K（DTU+NR电表）','克拉','智慧城市',0),(91,'radarking_dtu_md_switch','智能空开.A.D.K（DTU+MD空开）','','智慧消防',0),(92,'radarking_dtu_rdk_3p_elec_meter','智能电表.A.D.K（DTU+ADK电表）','克拉','智慧城市',0),(93,'res_greenhouse','智慧农业大棚','CLAATEK','智慧农业',1),(94,'res_greenhouse_area','智慧农业示范区','克拉','智慧农业',1),(95,'res_powerhouse','智慧配电房','','智慧电力',1),(96,'rs_ff_dangerhouse','危险房屋','社区','应急管理',1),(97,'rs_ff_eepoint','应急疏散点','社区','应急管理',1),(98,'rs_ff_flood_area','洪涝区','社区','应急管理',1),(99,'rs_ff_key_unit','消防重点单位','社区','应急管理',1),(100,'rs_loc_fence','电子围栏','','通用物联网应用',1),(101,'rs_smart_cubicle','智慧厕位','CLAATEK','智慧社区',1),(102,'rs_smart_place','智慧园区','','智慧园区',1),(103,'rs_smart_wc','智慧公厕','CLAATEK','智能社区',1),(104,'rs_video_camera','网络摄像头','海康威视','智能安防',1),(105,'sanwan_airquality','空气质量检测.S.W','三万','智慧城市',0),(106,'sanwan_dustnoise','扬尘噪音检测.S.W','三万','智慧城市',0),(107,'sanwan_meteor','气象监控.S.W','三万','智慧城市',0),(108,'sanwan_meteor_v2','气象监控V2.S.W','三万','智慧城市',0),(109,'sanwan_water','水质检测.S.W','克拉_三万','智慧社区',0),(110,'sensor_3phase_current_paras','三相电流参数设备','克拉','通用物联网应用',0),(111,'sensor_4ch_freq_ac_detect','四通道工频交流检测传感器','克拉','通用物联网应用',0),(112,'sensor_aic_meter_hc_10mpa_v0','AIC智能压力表计.H.C(10MPa).V0','克拉','通用物联网应用',0),(113,'sensor_aic_meter_hc_1p6kpa_v0','AIC智能压力表计.H.C(1P6KPa).V0','克拉','通用物联网应用',0),(114,'sensor_aic_meter_hq_25mpa_v0','AIC智能压力表计.H.Q(25MPa).V0','克拉','通用物联网应用',0),(115,'sensor_aic_meter_pt_1p6mpa_v0','AIC智能压力表计.P.T(1P6MPa).V0','克拉','通用物联网应用',0),(116,'sensor_aic_mih_meter_v0','AIC智能表计V0.M.H','克拉','通用物联网应用',0),(117,'sensor_aic_xxx_meter_v0','AIC智能表计.X.X.X.V0','克拉','通用物联网应用',0),(118,'sensor_aio12_photosyneffectradia','光合有效辐射传感器（AIO12）','克拉','通用物联网应用',0),(119,'sensor_aio12_totalsolarradia','太阳总辐射传感器（AIO12）','克拉','通用物联网应用',0),(120,'sensor_aio12_voltagedetect','电压检测（AIO12）','克拉','通用物联网应用',0),(121,'sensor_airquality_ys_rycpm2516','六参数空气质量传感器(RYCPM2516).Y.S','克拉_研胜','通用物联网应用',0),(122,'sensor_akr_485_relay','安科瑞485继电器.A.K.R','安科瑞','通用物联网应用',0),(123,'sensor_akr_efire_arcm200l','智能火警监控.A.K.R','','智慧消防',0),(124,'sensor_akr_efire_arcm200l_101115','智能火警监控V2.A.K.R','安科瑞','智慧消防',0),(125,'sensor_akr_elecmeter_dtsd1352','导轨式多功能电能表(DTSD1352).A.K.R','安科瑞','通用物联网应用',0),(126,'sensor_akr_elecmeter_dtsd1352_v2','导轨式多功能电能表V2(DTSD1352).A.K.R','安科瑞','通用物联网应用',0),(127,'sensor_ams_dio_ch16','智能16路DIO.A.M.S','艾莫讯','通用物联网应用',0),(128,'sensor_bwd3k_hy_drytran_tempctrl','干式变压器温度控制仪GSP/SSP（HY-BWD3K）','佛山华鹰','通用物联网应用',0),(129,'sensor_bwdk3208_tempctrl_hd','BWDK-3208型温控器.H.D','江西华达','通用物联网应用',0),(130,'sensor_bwdk3208_tempctrl_ld','BWDK-3208型温控器.L.D','福建力得','通用物联网应用',0),(131,'sensor_bwdks_drytran_tempctrl','干式变压器温度控制仪GSP/SSP（BWDK-S）','克拉','通用物联网应用',0),(132,'sensor_cardreader_jy_l8100','低频读卡器 JY-L8100','克拉','通用物联网应用',0),(133,'sensor_cardreader_jy_l8600','低频读卡器 JY-L8600','克拉','通用物联网应用',0),(134,'sensor_ch4_monitor','甲烷CH4检测传感器设备','克拉','通用物联网应用',0),(135,'sensor_clinometer_jxfs','智能测斜仪J.X.F.S','克拉','通用物联网应用',0),(136,'sensor_clinometer_zct245rd','倾角传感器（ZCT245RD）.Z.C.K.J','克拉Z.C','通用物联网应用',0),(137,'sensor_clinometer_zct260k','倾角传感器（ZCT260K）.Z.C.K.J','克拉Z.C','通用物联网应用',0),(138,'sensor_co2_monitor','二氧化碳CO2检测','克拉.W.S','通用物联网应用',0),(139,'sensor_co_monitor','一氧化碳CO检测','克拉.W.S','通用物联网应用',0),(140,'sensor_czcg_elecmeter_e','多功能电力仪表C.Z.C.G(E系列)','克拉_池高','通用物联网应用',0),(141,'sensor_djlk_ultra_rang_003b2','超声波测距.D.J.L.K','克拉','通用物联网应用',0),(142,'sensor_dky_centralaircond','智能中央空调.D.K.Y','电科院','通用物联网应用',0),(143,'sensor_dky_coldstorage','智能冷库.D.K.Y','电科院','通用物联网应用',0),(144,'sensor_dky_gshp','智能地源热泵.D.K.Y','科士达','通用物联网应用',0),(145,'sensor_dky_pcs_bms','中国电科院PCS+BMS','电科院','通用物联网应用',0),(146,'sensor_door_accesscontrol','智能ID/IC门锁','克拉','智能家居',0),(147,'sensor_doppler_flow','GSP多普勒流速传感器','克拉','通用物联网应用',0),(148,'sensor_dp_soil_4index_s4cd11','土壤四参数传感组件.D.P','克拉_鼎佩','通用物联网应用',0),(149,'sensor_dp_soil_th_sth11','土壤温湿度传感组件.D.P','克拉_鼎佩','通用物联网应用',0),(150,'sensor_dpkj_soil_ph','土壤PH值监测D.P.K.J','克拉_鼎佩科技','通用物联网应用',0),(151,'sensor_dust_ys_hcd6817b','扬尘在线监测仪(HCD6817B).Y.S','克拉','通用物联网应用',0),(152,'sensor_dy_speechmodule','GSP语音模块.D.Y','迪为电子DY-SV17F','通用物联网应用',0),(153,'sensor_electrombile_monitor','电动车电子标签GSP/SSP (RD915M).W.Y','克拉','通用物联网应用',0),(154,'sensor_fat_env_monitor','FAT环境监测传感器 (RDM308)','克拉_富奥通','通用物联网应用',0),(155,'sensor_fat_env_monitor_aqm','FAT环境监测传感器 (AQM)','克拉','通用物联网应用',0),(156,'sensor_fat_env_monitor_fws700','FAT环境监测传感器 (FWS700)','克拉_','通用物联网应用',0),(157,'sensor_fat_env_monitor_fws700_v2','FAT环境监测传感器V2(FWST700)','克拉_富奥通','通用物联网应用',0),(158,'sensor_fat_env_monitor_rdm305','FAT环境监测传感器(RDM305)','克拉_富奥通','通用物联网应用',0),(159,'sensor_fat_env_monitor_rdm305_led','FAT环境监测传感器(RDM305带LED)','克拉','通用物联网应用',0),(160,'sensor_fat_env_monitor_rdm307','FAT环境监测传感器(RDM307)','克拉_富奥通','通用物联网应用',0),(161,'sensor_flame_monitor','火焰监测设备','克拉','通用物联网应用',0),(162,'sensor_fzny_emeter_fzdtsd','智能电表（DTSD.F.Z.N.Y）','克拉_福泽','通用物联网应用',0),(163,'sensor_fzny_emeter_fzdtzd','智能电表（DTZD.F.Z.N.Y）','福泽能源','通用物联网应用',0),(164,'sensor_ge_ups','UPS不间断电源G.E.GSP/SSP','克拉','通用物联网应用',0),(165,'sensor_h2s_monitor','硫化氢H2S检测传感器','克拉_炜盛','通用物联网应用',0),(166,'sensor_hahd_3phase_current_paras','三相电流不平衡H.A.H.D','克拉','通用物联网应用',0),(167,'sensor_hcho_monitor','甲醛HCHO检测传感器GSP/SSP','克拉','通用物联网应用',0),(168,'sensor_hw_inverter_sun2000','智能逆变器.H.W','华为','智慧消防',0),(169,'sensor_hy_dj_communication','大金通讯模块 H.Y','克拉','通用物联网应用',0),(170,'sensor_hzkc_elecmeter_e','多功能电力仪表GSP/SSP H.Z.K.C(E系列)','克拉','通用物联网应用',0),(171,'sensor_infra_dend_zrd09_sr602','双头红外入侵监测（W.S+W.X）','炜盛科技+维芯','通用物联网应用',0),(172,'sensor_infrared_intrusion','红外入侵检测GSP/SSP','克拉','通用物联网应用',0),(173,'sensor_jckj_disbattpack','分布式蓄电池监控系统（I-BAT）.J.C.K.J','巨成科技I-BAT','通用物联网应用',0),(174,'sensor_jckj_disbattpack_sumh2t','分布式蓄电池监控系统（SUM-H-2T）.J.C.K.J','巨成科技SUM-H-2T','通用物联网应用',0),(175,'sensor_jk009_inteldcscreen','智能直流屏GSP/SSP (JK009).G.Y.D.Q','克拉','通用物联网应用',0),(176,'sensor_jk009_inteldcscreen_v2','智能直流屏GSP/SSP V2 (JK009).G.Y.D.Q','电科院','通用物联网应用',0),(177,'sensor_jxct_npk','土壤氮磷钾三合一肥力传感器.J.X.C.T','精讯畅通','通用物联网应用',0),(178,'sensor_jxfs_crackmeter','裂缝计.J.X.F.S','江西飞尚','通用物联网应用',0),(179,'sensor_jxfs_jgcjy_z','激光测距仪.J.X.F.S','江西飞尚','通用物联网应用',0),(180,'sensor_jxfs_soundlight_alarm','防爆声光报警器.J.X.F.S','江西飞尚 FS-GZM-SGBJ','通用物联网应用',0),(181,'sensor_jxhy_elecmeter_hy194e','多功能电力仪表GSP/SSP J.X.H.Y(HY194E)','克拉','通用物联网应用',0),(182,'sensor_kpwl_batterytest_bod1000','蓄电池检测模块 K.P.W.L(OM-BOD-1000)','鲲鹏物联','通用物联网应用',0),(183,'sensor_kpwl_currtransf_batl601','电流互感器 K.P.W.L(OM-BAT-L601)','鲲鹏物联','通用物联网应用',0),(184,'sensor_ksd_inverter','逆变器.K.S.D','科士达','通用物联网应用',0),(185,'sensor_light_intensity','光照强度','克拉','通用物联网应用',0),(186,'sensor_lineconnpress_monitor','压力传感器设备 (PR30/PR20)','克拉','通用物联网应用',0),(187,'sensor_liquid_level','【废弃】液位传感器设备（PR10）','克拉','通用物联网应用',0),(188,'sensor_liquid_level_v2','液位监测传感器V2（PR10）','克拉','通用物联网应用',0),(189,'sensor_lk_waterleakage_detector','定位漏水检测.L.K','立科ATL600','通用物联网应用',0),(190,'sensor_md_airswitch','曼顿智能空开.M.D','克拉','通用物联网应用',0),(191,'sensor_md_airswitch_v2','曼顿智能空开V2.M.D','克拉','通用物联网应用',0),(192,'sensor_meter_dtsd1352','电表DTSD1352','克拉_安科瑞','通用物联网应用',0),(193,'sensor_microdev_yz310','微机装置(YZ310)GSP/SSP','克拉','通用物联网应用',0),(194,'sensor_miniweather_yl_hcd6818d','八要素微气象仪(HCD6818D).Y.N','耘农','通用物联网应用',0),(195,'sensor_miniweather_yn_hcd6817a','微型气象仪(HCD6817A-CO2).Y.N','克拉_耘农','通用物联网应用',0),(196,'sensor_miniweather_ys_hcd6817','微型气象仪(HCD6817).Y.S','克拉_研盛','通用物联网应用',0),(197,'sensor_miniweather_ys_hcd6818c','八要素微气象仪(HCD6818C).Y.S','克拉_研胜','通用物联网应用',0),(198,'sensor_miniweathstation','微型气象站传感器设备','克拉','通用物联网应用',0),(199,'sensor_miniweathstation_tvoc_co2','微型TVOC/CO2气体检测设备','克拉','通用物联网应用',0),(200,'sensor_nh3_monitor','氨气NH3检测','克拉.W.S','通用物联网应用',0),(201,'sensor_noise_monitor','噪声检测传感器','克拉','通用物联网应用',0),(202,'sensor_nr_emeter_dtsd1339','电表DTSD1339.N.R','克拉_南瑞','通用物联网应用',0),(203,'sensor_nzhjy_chrome_check','油色谱检测装置.N.Z.H.J','南自海吉','通用物联网应用',0),(204,'sensor_os_soilth_act_valve_monitor','电磁阀控传感器（本地控制）GSP/SSP','克拉os','通用物联网应用',0),(205,'sensor_os_soilth_monitor','土壤温湿度.O.S','克拉os','通用物联网应用',0),(206,'sensor_os_soilth_spray','智能喷淋传感器（本地控制）GSP/SSP','克拉os','通用物联网应用',0),(207,'sensor_photo_process','GSP摄像头抓拍传输','克拉','通用物联网应用',0),(208,'sensor_photo_process_v2','AIC智能表计[废弃]','克拉','通用物联网应用',0),(209,'sensor_pm_monitor','空气颗粒物检测传感器GSP/SSP','克拉','通用物联网应用',0),(210,'sensor_pressure_humiture','微型气压/温湿度 ATH10','克拉','通用物联网应用',0),(211,'sensor_pressure_humiture_tvoc','微型TVOC气压温湿度计GSP/SSP','克拉','通用物联网应用',0),(212,'sensor_rainfall','雨量监测传感器','克拉.N.S.S.W','通用物联网应用',0),(213,'sensor_raw_analogcard','裸模拟IO子卡GSP/SSP','克拉','通用物联网应用',0),(214,'sensor_raw_digitalcard','裸数字子卡DIO20.GSP/SSP','克拉','通用物联网应用',0),(215,'sensor_raw_digitalcard_autocheck','GSP远程自动状态检测设备（DIO10）','克拉','通用物联网应用',0),(216,'sensor_raw_digitalcard_dio20v30','裸数字子卡DIO20(V30).GSP/SSP ','克拉','通用物联网应用',0),(217,'sensor_raw_digitalcard_elecab','电气柜设备GSP/SSP','克拉','通用物联网应用',0),(218,'sensor_raw_digitalcard_foggun','雾炮控制（DIO10）GSP/SSP','克拉','通用物联网应用',0),(219,'sensor_raw_digitalcard_spray','消防喷淋给水泵状态监测（DIO10）GSP/SSP','克拉','通用物联网应用',0),(220,'sensor_raw_digitalcard_stabipump','消防喷淋稳压泵状态监测（DIO10）GSP/SSP','克拉','通用物联网应用',0),(221,'sensor_raw_digitalcard_v2','裸数字子卡DIO10.GSP/SSP ','克拉','通用物联网应用',0),(222,'sensor_s4_monitor_mps003','S4有害气体检测传感器(MPS003)','克拉','通用物联网应用',0),(223,'sensor_selfcleaner','KMS在线水质多参数监测（带电导率）GSP/SSP ','克拉','通用物联网应用',0),(224,'sensor_selfcleaner_cod206','KMS在线COD监测','克拉_恺米斯','通用物联网应用',0),(225,'sensor_selfcleaner_nhn202a','KMS在线氨氮监测','克拉_恺米斯','通用物联网应用',0),(226,'sensor_selfcleaner_phg202','在线PH传感器.K.M.S','克拉_恺米斯','通用物联网应用',0),(227,'sensor_selfcleaner_rdo206','KMS在线荧光法溶解氧监测','克拉_恺米斯','通用物联网应用',0),(228,'sensor_selfcleaner_v2','KMS在线水质多参数监测（带盐度）','克拉','通用物联网应用',0),(229,'sensor_selfcleaner_zs206','KMS在线浊度监测','克拉_恺米斯','通用物联网应用',0),(230,'sensor_sf6_monitor_sw520s','SF6气体监测(SW520)','克拉S.W','通用物联网应用',0),(231,'sensor_sfe_elecmeter_pd194z9hy','多功能电力仪表.S.F.E(PD194Z-9HY)','克拉_斯菲尔','通用物联网应用',0),(232,'sensor_shjl_rccb_jlim1_125y','剩余电流断路器.S.H.J.L','上海佳岚JLIM1-125Y','通用物联网应用',0),(233,'sensor_smoke_monitor','烟雾监控设备','克拉','通用物联网应用',0),(234,'sensor_soil_os4_monitor','土壤4合1监测传感器.O.S','克拉_鸥素','通用物联网应用',0),(235,'sensor_soilcond_monitor','土壤电导率监测传感器GSP/SSP','欧速','通用物联网应用',0),(236,'sensor_soilph_monitor','【废弃】GSP土壤PH监测传感器.O.S','','通用物联网应用',0),(237,'sensor_soilth_monitor','土壤温湿度监测传感器.L.S','克拉','通用物联网应用',0),(238,'sensor_solipress_monitor','北京SOIL应力传感器','克拉_SOIL仪器','通用物联网应用',0),(239,'sensor_staircase_thyssen','蒂森克虏伯扶梯.T.S','蒂森克虏伯','通用物联网应用',0),(240,'sensor_stink_monitor','臭气监测传感器设备','克拉','通用物联网应用',0),(241,'sensor_swireless_elecbike_monitor','GSP电动车检测设备.S.K.W.L','克拉','通用物联网应用',0),(242,'sensor_swireless_rfid_reader','GSP通用RFID读卡器.S.K.W.L','克拉','通用物联网应用',0),(243,'sensor_swireless_tempmonitor','GSP小无线测温(PT40)','克拉','通用物联网应用',0),(244,'sensor_swireless_tempmonitor_skwl','GSP通用RFID测温(PT60).S.K.W.L','克拉','通用物联网应用',0),(245,'sensor_swireless_tempmonitor_v2','GSP小无线测温(PT40 无白名单)','克拉','通用物联网应用',0),(246,'sensor_temp_humd_light_thi10','微型温湿度光照(THI10)','克拉','通用物联网应用',0),(247,'sensor_temp_wirelessmonitor','无线测温集中监测设备GSP/SSP ','克拉','通用物联网应用',0),(248,'sensor_templine_monitor','GSP TTM10测温传感器','克拉','通用物联网应用',0),(249,'sensor_thline_monitor','GSP温湿度线缆传感器设备','克拉','通用物联网应用',0),(250,'sensor_ti_light_intensity_opt3001','光照传感器.T.I（OPT3001 ）','德州仪器','通用物联网应用',0),(251,'sensor_tmc10_ds18b20','GSP TMC10测温传感器(DS18B20)','克拉','通用物联网应用',0),(252,'sensor_tmc10_pt1000','GSP TMC10测温传感器(PT1000)','克拉','通用物联网应用',0),(253,'sensor_tnkj_gasmeter','气表.T.N.K.J.GSP/SSP','克拉','通用物联网应用',0),(254,'sensor_tnkj_swirl_flowmeter','GSP旋进旋涡流量计.T.N.K.J','克拉','通用物联网应用',0),(255,'sensor_tnkj_waistwheelflowmeter','LLQ系列气体腰轮流量计.T.N.K.J','克拉','通用物联网应用',0),(256,'sensor_toiletstall_occupy','厕位占用传感器GSP/SSP','克拉','通用物联网应用',0),(257,'sensor_toiletstalloccupy_tda40','厕位占用检测系统（TDA40）','克拉','通用物联网应用',0),(258,'sensor_tsdf_flowmeter_lzd127','矿用隔爆兼本安型流量计(LZD127).T.S.D.F','唐山大方','通用物联网应用',0),(259,'sensor_ultras_distance','超声波测距传感器','克拉','通用物联网应用',0),(260,'sensor_ultras_liquidlevel','GSP超声波液位传感器','克拉','通用物联网应用',0),(261,'sensor_ultras_module_m50','M50超声波模组.B.J.F','倍加福','通用物联网应用',0),(262,'sensor_valve_control','GSP电磁阀控传感器','克拉','通用物联网应用',0),(263,'sensor_vibratingwire_16ch_temp','GSP MCU-1M型测控装置.N.S','克拉','通用物联网应用',0),(264,'sensor_vibratingwire_dev','振弦采集器GSP/SSP ','克拉','通用物联网应用',0),(265,'sensor_waterquality_5ind','GSP 水质五参数监测.Q.J.D.Z','奇崛电子','通用物联网应用',0),(266,'sensor_waterquality_do_615d','智能水质传感器(DO-615D).S.H.L.X','克拉','通用物联网应用',0),(267,'sensor_waterquality_integrate','水质综合传感器','克拉_恺米斯','通用物联网应用',0),(268,'sensor_waterquality_ion615d','智能水质传感器（ION615D）','克拉','通用物联网应用',0),(269,'sensor_waterquality_orp','GSP ORP智能电极','奇崛电子','通用物联网应用',0),(270,'sensor_waterquality_ph','GSP 水质PH智能电极.Q.J.D.Z','','通用物联网应用',0),(271,'sensor_waterquality_ph_615d','数字PH水质传感器V1(PH-615D).S.H.L.X','上海联祥','通用物联网应用',0),(272,'sensor_waterquality_ph_615d_v2','数字PH水质传感器V2(PH-615D).S.H.L.X','上海联祥','通用物联网应用',0),(273,'sensor_watersense','水浸监测','克拉','通用物联网应用',0),(274,'sensor_watersense_withdelay','水浸监测（带继电器）','克拉','通用物联网应用',0),(275,'sensor_ws_o2_monitor','氧气O2检测传感器.W.S','克拉_炜盛','通用物联网应用',0),(276,'sensor_ws_o3_monitor','GSP臭氧O3检测传感器.W.S','克拉','通用物联网应用',0),(277,'sensor_ws_pyroelecmod_zrd09','ZRD09热释电模组.W.S','炜盛科技','通用物联网应用',0),(278,'sensor_xs_ttc_b315r4','干式变压器温度控制仪（TTC-B315R4）.X.S','克拉_协顺','通用物联网应用',0),(279,'sensor_yg_inverter','逆变器.Y.G','阳光','通用物联网应用',0),(280,'sensor_yst_3phase_eps','GSP三相EPS.Y.S.T','克拉','通用物联网应用',0),(281,'sensor_yst_eps_v2','GSP三相EPS V2.Y.S.T','克拉_易事特','通用物联网应用',0),(282,'sensor_zzkj_ultrawave_level','超声波物位仪.Z.Z.K.J','兆洲科技','通用物联网应用',0),(283,'shenguoan_rs485','笑气监测仪.S.G.A','深国安','智慧消防',0),(284,'shenzhenjizhi_body_infrared','智能人体红外.S.Z.J.Z.W.L','极智','智能社区',0),(285,'shine_smoke','烟雾告警器.Xuan.Y','上海昡熠','智慧消防',0),(286,'sichuang_trapdoor','智能井盖.S.C','克拉_思创','智慧城市',0),(287,'sichuang_watertankcover','智能水箱盖.S.C','思创','智慧城市',0),(288,'sikai_gas_guizhouranqi_v3','智能气表V3.S.K','思凯 G.R','智慧社区',0),(289,'sikai_gas_v2','智能气表V2.S.K','思凯','智慧社区',0),(290,'sikai_water_v2','智能水表V2.S.K','思凯','智慧社区',0),(291,'small_weather_station','小型气象站.Y.L.Y','原力元','智慧城市',0),(292,'tkq_airquality_monitor','TKQ015空气质量传感器.T.K.Q','TKQ','智慧气象',0),(293,'wanzhong_pressure','压力变送器.W.Z','万众','智慧消防',0),(294,'wanzhong_transmitter_temp','温度变送器.W.Z','万众','智慧消防',0),(295,'weidian_temp','温湿度检测仪.W.D','微点','智慧城市',0),(296,'whp_cp_alarm','报警测点','','智慧化工',1),(297,'whp_cp_button','按钮测点','','智慧化工',1),(298,'whp_cp_co','CO测点','','智慧化工',1),(299,'whp_cp_co2','CO2测点','','智慧化工',1),(300,'whp_cp_dustsmoke','DUST烟尘测点','','智慧化工',1),(301,'whp_cp_firegas','可燃气体测点','','智慧化工',1),(302,'whp_cp_flowmeter','流量计测点','','智慧化工',1),(303,'whp_cp_flowmeter2','流量计测点II','','智慧化工',1),(304,'whp_cp_flowmeter3','流量计测点III','','智慧化工',1),(305,'whp_cp_fqi','废液电磁流量计测点','','智慧化工',1),(306,'whp_cp_frequenthz','频率测点','','智慧化工',1),(307,'whp_cp_hc1','HC1测点','','智慧化工',1),(308,'whp_cp_lcv','调节阀测点','','智慧化工',1),(309,'whp_cp_liquid','液位测点','','智慧化工',1),(310,'whp_cp_nh3','氨氮测点','','智慧化工',1),(311,'whp_cp_nox','NOx测点','','智慧化工',1),(312,'whp_cp_o2','O2测点','','智慧化工',1),(313,'whp_cp_ph','PH值测点','','智慧化工',1),(314,'whp_cp_pkcod','排口COD测点','','智慧化工',1),(315,'whp_cp_pkflow','排口流量测点','','智慧化工',1),(316,'whp_cp_presskpa','压力测点KPa','','智慧化工',1),(317,'whp_cp_pressmpa','压力测点MPa','','智慧化工',1),(318,'whp_cp_presspa','压力测点Pa','','智慧化工',1),(319,'whp_cp_smoke','烟感测点','','智慧化工',1),(320,'whp_cp_smokespeed','烟气速度测点','','智慧化工',1),(321,'whp_cp_so2','SO2测点','','智慧化工',1),(322,'whp_cp_status','状态测点','','智慧化工',1),(323,'whp_cp_temp','温度测点','','智慧化工',1),(324,'whp_cp_toxicgas','有毒气体测点','','智慧化工',1),(325,'whp_cp_waterratio','含水量测点','','智慧化工',1),(326,'whp_cp_xfb','消火栓测点','','智慧化工',1),(327,'xinshanying_efire','电气火灾监控探测器.X.S.Y','新山鹰','智慧消防',0),(328,'xinshanying_integrated_smoke','智能一体式烟雾感应器.X.S.Y','新山鹰','智慧消防',0),(329,'xinshanying_manualalarm','手动火灾报警器.X.S.Y','新山鹰','智慧消防',0),(330,'xinshanying_smoke','智能烟雾感应器.X.S.Y','新山鹰','智慧消防',0),(331,'xinshanying_smoke_v2','智能烟雾感应器V2.X.S.Y','新山鹰','智慧消防',0),(332,'xinshanying_solialarm','智能声光告警器.X.S.Y','新山鹰','智慧消防',0),(333,'xinshanying_tempalarm','智能温感报警器.X.S.Y','新山鹰','智慧消防',0),(334,'xunpeng_sos_1','SOS呼叫器V1.X.P','讯鹏','智慧城市',0),(335,'yadian_airswitch','空气开关.Y.D','亚电','智慧城市',0),(336,'yadian_airswitch_v2','空气开关V2.Y.D','亚电','智慧城市',0),(337,'yameida_lampcontrol','智能灯控.Y.M.D','','智慧城市',0),(338,'yiyuan_radarbeam_bodydetector','雷达波人体探测器.Y.Y','克拉伊元项目','智慧城市',0),(339,'zhanwei_dici','智能地磁.Z.W','展为','智慧城市',0),(340,'zit_rfid','RFID网关.Z.X.Z.L','中兴智联','智能家居',0),(341,'zte_claa_vres','虚拟设备','','通用物联网应用',0),(342,'res_company_base','企业基本信息','','企业台账数据',1),(343,'res_company_safelog','安全生产台账','','企业台账数据',1),(344,'res_dangercheck_sys','危险源监测系统','','企业台账数据',1),(345,'res_whp_sds','危化品SDS说明书','','危化品档案',1),(346,'sanshuiwan_pipenetwork_liuliang','水管网流量监测设备','','危险源测点',1),(347,'sanshuiwan_pipenetwork_liusu','水管网流速监测设备','','危险源测点',1),(348,'sanshuiwan_pipenetwork_yali','水管网压力监测设备','','危险源测点',1),(349,'claa_test_001','广柴机','','通用物联网应用',0),(350,'claa_test_002','北京精雕','','通用物联网应用',0),(351,'claa_test_003','库卡机器人','','通用物联网应用',0),(352,'claa_test_004','挤塑机','','通用物联网应用',0),(353,'claa_test_005','刀具','','通用物联网应用',0),(354,'res_risk_chemical','危化品','','智慧化工',1),(355,'res_whppt_car','测试车辆','','通用物联网应用',1),(356,'res_whppt_gate_car','测试车档','','通用物联网应用',1),(357,'res_whppt_gate_person','测试门禁','','通用物联网应用',1),(358,'gsp_integrated_sf6','SF6气体检测设备(自研)','克拉','智慧城市',0),(359,'claa_uwb','UWB定位终端.CLAA','克拉','智慧城市',0),(360,'claa_uwbbeacon','UWB定位信标.CLAA','克拉','智慧城市',0),(361,'yameida_8031_lampcontrol','[copy]智能灯控.Y.M.D','','智慧城市',0),(362,'sensor_waterquality_ph_615d_v3','数字PH水质传感器V3(PH-615D).S.H.L.X ','上海联祥','通用物联网应用',0),(363,'sensor_waterquality_do_615d_v2','智能水质传感器V2(DO-615D).S.H.L.X','克拉','通用物联网应用',0),(364,'sensor_fat_env_monitor_fws200','FAT环境监测传感器(FWS200)','克拉_富奥通','通用物联网应用',0),(365,'sensor_hsd_inclination','倾角传感组件.H.S.D','克拉_海盛迪','通用物联网应用',0),(366,'sensor_aic_meter_nw1_1mpa_v0','AIC智能压力表计.N.W(1MPa).V0','克拉','通用物联网应用',0),(367,'nb_cm_ath11g','移动GPRS-ATH11G温湿度检测 ','克拉','智慧农业',0);

/*!40101 SET SQL_MODE=@OLD_SQL_MODE */;
/*!40014 SET FOREIGN_KEY_CHECKS=@OLD_FOREIGN_KEY_CHECKS */;
/*!40014 SET UNIQUE_CHECKS=@OLD_UNIQUE_CHECKS */;
/*!40111 SET SQL_NOTES=@OLD_SQL_NOTES */;
